2026-02-07 10:51:53,478 - Scanning directory: /Users/marchon/ld/
2026-02-07 10:51:53,478 - ==================================================
2026-02-07 10:51:53,485 - File: /Users/marchon/ld/LD37.DAT - Btrieve file, but no DDF entry found
2026-02-07 10:56:21,075 - Scanning directory: /Users/marchon/ld/
2026-02-07 10:56:21,075 - ==================================================
2026-02-07 10:56:21,082 - File: /Users/marchon/ld/LD37.DAT - Btrieve file, but no DDF entry found
2026-02-07 10:57:39,207 - Scanning directory: /Users/marchon/ld/
2026-02-07 10:57:39,207 - ==================================================
2026-02-07 10:57:39,208 - File: /Users/marchon/ld/LD37.DAT - Btrieve file, but no DDF entry found
2026-02-07 10:57:43,701 - Scanning directory: /Users/marchon/ld/
2026-02-07 10:57:43,701 - ==================================================
2026-02-07 10:57:43,702 - File: /Users/marchon/ld/LD37.DAT - Btrieve file, but no DDF entry found
2026-02-07 10:57:50,075 - Scanning directory: /Users/marchon/ld/
2026-02-07 10:57:50,075 - ==================================================
2026-02-07 10:57:50,075 - File: /Users/marchon/ld/LD37.DAT - Btrieve file, but no DDF entry found
2026-02-07 10:57:54,114 - Scanning directory: /Users/marchon/ld/
2026-02-07 10:57:54,115 - ==================================================
2026-02-07 10:57:54,115 - File: /Users/marchon/ld/LD37.DAT - Btrieve file, but no DDF entry found
2026-02-07 10:58:01,498 - Scanning directory: /Users/marchon/ld/
2026-02-07 10:58:01,498 - ==================================================
2026-02-07 10:58:01,498 - File: /Users/marchon/ld/LD37.DAT - Btrieve file, but no DDF entry found
2026-02-07 10:58:07,054 - Scanning directory: /Users/marchon/ld/
2026-02-07 10:58:07,054 - ==================================================
2026-02-07 10:58:07,055 - File: /Users/marchon/ld/LD37.DAT - Btrieve file, but no DDF entry found
2026-02-07 10:58:12,562 - Scanning directory: /Users/marchon/ld/
2026-02-07 10:58:12,562 - ==================================================
2026-02-07 10:58:12,563 - File: /Users/marchon/ld/LD37.DAT - Btrieve file, but no DDF entry found
2026-02-07 10:58:18,972 - Scanning directory: /Users/marchon/ld/
2026-02-07 10:58:18,973 - ==================================================
2026-02-07 10:58:18,974 - File: /Users/marchon/ld/LD37.DAT - Btrieve file, but no DDF entry found
2026-02-07 10:58:26,441 - Scanning directory: /Users/marchon/ld/
2026-02-07 10:58:26,441 - ==================================================
2026-02-07 10:58:26,442 - File: /Users/marchon/ld/LD37.DAT - Btrieve file, but no DDF entry found
2026-02-07 10:58:31,201 - Scanning directory: /Users/marchon/ld/
2026-02-07 10:58:31,201 - ==================================================
2026-02-07 10:58:31,202 - File: /Users/marchon/ld/LD37.DAT - Btrieve file, but no DDF entry found
2026-02-07 10:58:36,624 - Scanning directory: /Users/marchon/ld/
2026-02-07 10:58:36,624 - ==================================================
2026-02-07 10:58:36,625 - File: /Users/marchon/ld/LD37.DAT - Btrieve file, but no DDF entry found
2026-02-07 11:00:08,526 - Scanning directory: /Users/marchon/ld/
2026-02-07 11:00:08,526 - ==================================================
2026-02-07 11:00:08,528 - File: /Users/marchon/ld/LD37.DAT - Btrieve file, but no DDF entry found
2026-02-07 11:01:56,505 - Scanning directory: /Users/marchon/ld/
2026-02-07 11:01:56,505 - ==================================================
2026-02-07 11:01:56,505 - File: /Users/marchon/ld/rapidc.frm - Not a Btrieve file
2026-02-07 11:01:56,505 - File: /Users/marchon/ld/file.txt - Not a Btrieve file
2026-02-07 11:01:56,505 - File: /Users/marchon/ld/LD-03.DAT - Not a Btrieve file
2026-02-07 11:01:56,505 - File: /Users/marchon/ld/LD32.DAT - Not a Btrieve file
2026-02-07 11:01:56,505 - File: /Users/marchon/ld/LD33.DAT - Not a Btrieve file
2026-02-07 11:01:56,505 - File: /Users/marchon/ld/LD-16.DAT - Not a Btrieve file
2026-02-07 11:01:56,505 - File: /Users/marchon/ld/LD-02.DAT - Not a Btrieve file
2026-02-07 11:01:56,505 - File: /Users/marchon/ld/ST2.RPT - Not a Btrieve file
2026-02-07 11:01:56,505 - File: /Users/marchon/ld/LYT-INST.DAT - Not a Btrieve file
2026-02-07 11:01:56,505 - File: /Users/marchon/ld/LD14.DAT.original - Not a Btrieve file
2026-02-07 11:01:56,505 - File: /Users/marchon/ld/LD-14.DAT - Not a Btrieve file
2026-02-07 11:01:56,505 - File: /Users/marchon/ld/LD-00.DAT - Not a Btrieve file
2026-02-07 11:01:56,506 - File: /Users/marchon/ld/LD19.DAT - Not a Btrieve file
2026-02-07 11:01:56,506 - File: /Users/marchon/ld/LD31.DAT - Not a Btrieve file
2026-02-07 11:01:56,506 - File: /Users/marchon/ld/POST.DAT - Not a Btrieve file
2026-02-07 11:01:56,506 - File: /Users/marchon/ld/LD-01.DAT - Not a Btrieve file
2026-02-07 11:01:56,506 - File: /Users/marchon/ld/LD-15.DAT - Not a Btrieve file
2026-02-07 11:01:56,506 - File: /Users/marchon/ld/ST1.RPT - Not a Btrieve file
2026-02-07 11:01:56,506 - File: /Users/marchon/ld/LD06.DAT.original - Not a Btrieve file
2026-02-07 11:01:56,506 - File: /Users/marchon/ld/lhcfa.frm - Not a Btrieve file
2026-02-07 11:01:56,506 - File: /Users/marchon/ld/LD01.DAT.original - Not a Btrieve file
2026-02-07 11:01:56,506 - File: /Users/marchon/ld/prein94.frm - Not a Btrieve file
2026-02-07 11:01:56,506 - File: /Users/marchon/ld/Field.txt - Not a Btrieve file
2026-02-07 11:01:56,506 - File: /Users/marchon/ld/fixit.py - Not a Btrieve file
2026-02-07 11:01:56,506 - File: /Users/marchon/ld/hcfa.frm - Not a Btrieve file
2026-02-07 11:01:56,506 - File: /Users/marchon/ld/LD23.DAT.original - Not a Btrieve file
2026-02-07 11:01:56,506 - File: /Users/marchon/ld/.DS_Store - Not a Btrieve file
2026-02-07 11:01:56,506 - File: /Users/marchon/ld/LD-11.DAT - Not a Btrieve file
2026-02-07 11:01:56,506 - File: /Users/marchon/ld/LD-05.DAT - Not a Btrieve file
2026-02-07 11:01:56,506 - File: /Users/marchon/ld/LD34.DAT - Not a Btrieve file
2026-02-07 11:01:56,506 - File: /Users/marchon/ld/LD20.DAT - Not a Btrieve file
2026-02-07 11:01:56,506 - File: /Users/marchon/ld/LD08.DAT - Not a Btrieve file
2026-02-07 11:01:56,507 - File: /Users/marchon/ld/LD09.DAT - Not a Btrieve file
2026-02-07 11:01:56,507 - File: /Users/marchon/ld/LD21.DAT - Not a Btrieve file
2026-02-07 11:01:56,507 - File: /Users/marchon/ld/LD35.DAT - Not a Btrieve file
2026-02-07 11:01:56,507 - File: /Users/marchon/ld/LD-04.DAT - Not a Btrieve file
2026-02-07 11:01:56,507 - File: /Users/marchon/ld/LD-10.DAT - Not a Btrieve file
2026-02-07 11:01:56,507 - File: /Users/marchon/ld/ds95.frm - Not a Btrieve file
2026-02-07 11:01:56,507 - File: /Users/marchon/ld/rec.frm - Not a Btrieve file
2026-02-07 11:01:56,507 - File: /Users/marchon/ld/LD00.DAT.original - Not a Btrieve file
2026-02-07 11:01:56,507 - File: /Users/marchon/ld/LD-12.DAT - Not a Btrieve file
2026-02-07 11:01:56,507 - File: /Users/marchon/ld/LD23.DAT - Not a Btrieve file
2026-02-07 11:01:56,507 - File: /Users/marchon/ld/LD37.DAT - Btrieve file, but no DDF entry found
2026-02-07 11:01:56,507 - File: /Users/marchon/ld/LD36.DAT - Not a Btrieve file
2026-02-07 11:01:56,507 - File: /Users/marchon/ld/LD22.DAT - Not a Btrieve file
2026-02-07 11:01:56,507 - File: /Users/marchon/ld/LD-13.DAT - Not a Btrieve file
2026-02-07 11:01:56,507 - File: /Users/marchon/ld/LD-07.DAT - Not a Btrieve file
2026-02-07 11:01:56,507 - File: /Users/marchon/ld/STA.RPT - Not a Btrieve file
2026-02-07 11:01:56,507 - File: /Users/marchon/ld/BLS.frm - Not a Btrieve file
2026-02-07 11:01:56,507 - File: /Users/marchon/ld/LD12.DAT.original - Not a Btrieve file
2026-02-07 11:01:56,507 - File: /Users/marchon/ld/LD15.DAT.original - Not a Btrieve file
2026-02-07 11:01:56,507 - File: /Users/marchon/ld/ROS.frm - Not a Btrieve file
2026-02-07 11:01:56,507 - File: /Users/marchon/ld/chart.dat - Not a Btrieve file
2026-02-07 11:01:56,508 - File: /Users/marchon/ld/ld08.txt - Not a Btrieve file
2026-02-07 11:01:56,508 - File: /Users/marchon/ld/AALSI.frm - Not a Btrieve file
2026-02-07 11:01:56,508 - File: /Users/marchon/ld/LM39.DAT - Not a Btrieve file
2026-02-07 11:01:56,508 - File: /Users/marchon/ld/pstcrd.frm - Not a Btrieve file
2026-02-07 11:01:56,508 - File: /Users/marchon/ld/rapsta1.frm - Not a Btrieve file
2026-02-07 11:01:56,508 - File: /Users/marchon/ld/Field.ddf.txt - Not a Btrieve file
2026-02-07 11:01:56,508 - File: /Users/marchon/ld/LD-SYS.DAT - Not a Btrieve file
2026-02-07 11:01:56,508 - File: /Users/marchon/ld/chart.dat.original - Not a Btrieve file
2026-02-07 11:01:56,508 - File: /Users/marchon/ld/pc.frm - Not a Btrieve file
2026-02-07 11:01:56,508 - File: /Users/marchon/ld/Index.txt - Not a Btrieve file
2026-02-07 11:01:56,508 - File: /Users/marchon/ld/bdy.frm - Not a Btrieve file
2026-02-07 11:01:56,508 - File: /Users/marchon/ld/LD19.DAT.original - Not a Btrieve file
2026-02-07 11:01:56,508 - File: /Users/marchon/ld/in1.frm - Not a Btrieve file
2026-02-07 11:01:56,508 - File: /Users/marchon/ld/lsi.frm - Not a Btrieve file
2026-02-07 11:01:56,508 - File: /Users/marchon/ld/in2.frm - Not a Btrieve file
2026-02-07 11:01:56,508 - File: /Users/marchon/ld/ins.frm - Not a Btrieve file
2026-02-07 11:01:56,508 - File: /Users/marchon/ld/LREC.frm - Not a Btrieve file
2026-02-07 11:01:56,508 - File: /Users/marchon/ld/raplss.frm - Not a Btrieve file
2026-02-07 11:01:56,508 - File: /Users/marchon/ld/LD09.DAT.original - Not a Btrieve file
2026-02-07 11:01:56,508 - File: /Users/marchon/ld/AALSI-2.frm - Not a Btrieve file
2026-02-07 11:01:56,508 - File: /Users/marchon/ld/Index.ddf - Not a Btrieve file
2026-02-07 11:01:56,508 - File: /Users/marchon/ld/RAPID.frm - Not a Btrieve file
2026-02-07 11:01:56,509 - File: /Users/marchon/ld/lss.frm - Not a Btrieve file
2026-02-07 11:01:56,509 - File: /Users/marchon/ld/in95.frm - Not a Btrieve file
2026-02-07 11:01:56,509 - File: /Users/marchon/ld/BtrFileSaver - Not a Btrieve file
2026-02-07 11:01:56,509 - File: /Users/marchon/ld/in94.frm - Not a Btrieve file
2026-02-07 11:01:56,509 - File: /Users/marchon/ld/fix.py - Not a Btrieve file
2026-02-07 11:01:56,509 - File: /Users/marchon/ld/LD08.DAT.original - Not a Btrieve file
2026-02-07 11:01:56,509 - File: /Users/marchon/ld/ld06.txt - Not a Btrieve file
2026-02-07 11:01:56,509 - File: /Users/marchon/ld/btr.py - Not a Btrieve file
2026-02-07 11:01:56,509 - File: /Users/marchon/ld/ec2.frm - Not a Btrieve file
2026-02-07 11:01:56,509 - File: /Users/marchon/ld/ec1.frm - Not a Btrieve file
2026-02-07 11:01:56,509 - File: /Users/marchon/ld/LD21.DAT.original - Not a Btrieve file
2026-02-07 11:01:56,509 - File: /Users/marchon/ld/st2.frm - Not a Btrieve file
2026-02-07 11:01:56,509 - File: /Users/marchon/ld/LD07.DAT - Not a Btrieve file
2026-02-07 11:01:56,509 - File: /Users/marchon/ld/LD13.DAT - Not a Btrieve file
2026-02-07 11:01:56,509 - File: /Users/marchon/ld/LD12.DAT - Not a Btrieve file
2026-02-07 11:01:56,509 - File: /Users/marchon/ld/LD06.DAT - Not a Btrieve file
2026-02-07 11:01:56,509 - File: /Users/marchon/ld/Field.ddf - Not a Btrieve file
2026-02-07 11:01:56,509 - File: /Users/marchon/ld/lbl.frm - Not a Btrieve file
2026-02-07 11:01:56,509 - File: /Users/marchon/ld/LD05.DAT.original - Not a Btrieve file
2026-02-07 11:01:56,509 - File: /Users/marchon/ld/done.msg - Not a Btrieve file
2026-02-07 11:01:56,510 - File: /Users/marchon/ld/LD02.DAT.original - Not a Btrieve file
2026-02-07 11:01:56,510 - File: /Users/marchon/ld/st1.frm - Not a Btrieve file
2026-02-07 11:01:56,510 - File: /Users/marchon/ld/LD-09.DAT - Not a Btrieve file
2026-02-07 11:01:56,510 - File: /Users/marchon/ld/LD38.DAT - Not a Btrieve file
2026-02-07 11:01:56,510 - File: /Users/marchon/ld/LD04.DAT - Not a Btrieve file
2026-02-07 11:01:56,510 - File: /Users/marchon/ld/LD05.DAT - Not a Btrieve file
2026-02-07 11:01:56,510 - File: /Users/marchon/ld/LD11.DAT - Not a Btrieve file
2026-02-07 11:01:56,510 - File: /Users/marchon/ld/another-thought.py - Not a Btrieve file
2026-02-07 11:01:56,510 - File: /Users/marchon/ld/LD-08.DAT - Not a Btrieve file
2026-02-07 11:01:56,510 - File: /Users/marchon/ld/File.ddf.txt - Not a Btrieve file
2026-02-07 11:01:56,510 - File: /Users/marchon/ld/fixit-2.py - Not a Btrieve file
2026-02-07 11:01:56,510 - File: /Users/marchon/ld/nar.frm - Not a Btrieve file
2026-02-07 11:01:56,510 - File: /Users/marchon/ld/tt.cpp - Not a Btrieve file
2026-02-07 11:01:56,510 - File: /Users/marchon/ld/LD15.DAT - Not a Btrieve file
2026-02-07 11:01:56,510 - File: /Users/marchon/ld/LD01.DAT - Not a Btrieve file
2026-02-07 11:01:56,510 - File: /Users/marchon/ld/rapsta.frm - Not a Btrieve file
2026-02-07 11:01:56,510 - File: /Users/marchon/ld/ld29.dat - Not a Btrieve file
2026-02-07 11:01:56,510 - File: /Users/marchon/ld/LD00.DAT - Not a Btrieve file
2026-02-07 11:01:56,510 - File: /Users/marchon/ld/LD14.DAT - Not a Btrieve file
2026-02-07 11:01:56,510 - File: /Users/marchon/ld/File.ddf - Not a Btrieve file
2026-02-07 11:01:56,510 - File: /Users/marchon/ld/LD16.DAT.original - Not a Btrieve file
2026-02-07 11:01:56,510 - File: /Users/marchon/ld/APPT.frm - Not a Btrieve file
2026-02-07 11:01:56,510 - File: /Users/marchon/ld/sta.frm - Not a Btrieve file
2026-02-07 11:01:56,511 - File: /Users/marchon/ld/LD02.DAT - Not a Btrieve file
2026-02-07 11:01:56,511 - File: /Users/marchon/ld/LD16.DAT - Not a Btrieve file
2026-02-07 11:01:56,511 - File: /Users/marchon/ld/LD17.DAT - Not a Btrieve file
2026-02-07 11:01:56,511 - File: /Users/marchon/ld/LD03.DAT - Not a Btrieve file
2026-02-07 11:01:56,511 - File: /Users/marchon/ld/LD03.DAT.original - Not a Btrieve file
2026-02-07 11:01:56,511 - File: /Users/marchon/ld/LD04.DAT.original - Not a Btrieve file
2026-02-07 11:01:56,511 - File: /Users/marchon/ld/LM-COM.DAT - Not a Btrieve file
2026-02-07 11:01:56,511 - File: /Users/marchon/ld/original/LD03.DAT.original.txt - Not a Btrieve file
2026-02-07 11:01:56,511 - File: /Users/marchon/ld/original/LD08.DAT.original.txt - Not a Btrieve file
2026-02-07 11:01:56,511 - File: /Users/marchon/ld/original/btr.zip - Not a Btrieve file
2026-02-07 11:01:56,511 - File: /Users/marchon/ld/original/LD23.DAT.original.txt - Not a Btrieve file
2026-02-07 11:01:56,511 - File: /Users/marchon/ld/original/LD02.DAT.original.txt - Not a Btrieve file
2026-02-07 11:01:56,511 - File: /Users/marchon/ld/original/LD16.DAT.original.txt - Not a Btrieve file
2026-02-07 11:01:56,511 - File: /Users/marchon/ld/original/LD09.DAT.original.txt - Not a Btrieve file
2026-02-07 11:01:56,511 - File: /Users/marchon/ld/original/LD12.DAT.original.txt - Not a Btrieve file
2026-02-07 11:01:56,511 - File: /Users/marchon/ld/original/LD06.DAT.original.txt - Not a Btrieve file
2026-02-07 11:01:56,511 - File: /Users/marchon/ld/original/LD19.DAT.original.txt - Not a Btrieve file
2026-02-07 11:01:56,511 - File: /Users/marchon/ld/original/LD15.DAT.original.txt - Not a Btrieve file
2026-02-07 11:01:56,511 - File: /Users/marchon/ld/original/LD01.DAT.original.txt - Not a Btrieve file
2026-02-07 11:01:56,511 - File: /Users/marchon/ld/original/LD05.DAT.original.txt - Not a Btrieve file
2026-02-07 11:01:56,511 - File: /Users/marchon/ld/original/Field.ddf.original.txt - Not a Btrieve file
2026-02-07 11:01:56,511 - File: /Users/marchon/ld/original/chart.dat.original.txt - Not a Btrieve file
2026-02-07 11:01:56,512 - File: /Users/marchon/ld/original/LD14.DAT.original.txt - Not a Btrieve file
2026-02-07 11:01:56,512 - File: /Users/marchon/ld/original/LD00.DAT.original.txt - Not a Btrieve file
2026-02-07 11:01:56,512 - File: /Users/marchon/ld/original/LD21.DAT.original.txt - Not a Btrieve file
2026-02-07 11:01:56,512 - File: /Users/marchon/ld/original/LD04.DAT.original.txt - Not a Btrieve file
2026-02-07 11:01:56,512 - File: /Users/marchon/ld/original/fix/part1.py - Not a Btrieve file
2026-02-07 11:01:56,512 - File: /Users/marchon/ld/original/fix/part5.py - Not a Btrieve file
2026-02-07 11:01:56,512 - File: /Users/marchon/ld/original/fix/part4.py - Not a Btrieve file
2026-02-07 11:01:56,512 - File: /Users/marchon/ld/original/fix/Ledger_FirstSet_FullyRepaired_And_Exported.zip - Not a Btrieve file
2026-02-07 11:01:56,512 - File: /Users/marchon/ld/original/fix/part3.py - Not a Btrieve file
2026-02-07 11:01:56,512 - File: /Users/marchon/ld/original/fix/part2.py - Not a Btrieve file
2026-02-07 11:01:56,512 - File: /Users/marchon/ld/btrieve-repair/Makefile - Not a Btrieve file
2026-02-07 11:01:56,512 - File: /Users/marchon/ld/btrieve-repair/README.MD - Not a Btrieve file
2026-02-07 11:01:56,512 - File: /Users/marchon/ld/btrieve-repair/btrmaster.c - Not a Btrieve file
2026-02-07 11:01:56,512 - File: /Users/marchon/ld/btrieve-repair/.git/config - Not a Btrieve file
2026-02-07 11:01:56,512 - File: /Users/marchon/ld/btrieve-repair/.git/HEAD - Not a Btrieve file
2026-02-07 11:01:56,512 - File: /Users/marchon/ld/btrieve-repair/.git/description - Not a Btrieve file
2026-02-07 11:01:56,512 - File: /Users/marchon/ld/btrieve-repair/.git/index - Not a Btrieve file
2026-02-07 11:01:56,512 - File: /Users/marchon/ld/btrieve-repair/.git/COMMIT_EDITMSG - Not a Btrieve file
2026-02-07 11:01:56,512 - File: /Users/marchon/ld/btrieve-repair/.git/objects/3e/59131af40d8270cbeaf0d92512fc3811de2f27 - Not a Btrieve file
2026-02-07 11:01:56,513 - File: /Users/marchon/ld/btrieve-repair/.git/objects/e4/c08e14feb95e61b962880a009c6456d8c7ee8d - Not a Btrieve file
2026-02-07 11:01:56,513 - File: /Users/marchon/ld/btrieve-repair/.git/objects/2a/e7515c521aa9a068b7b0e561ec67ca3c314621 - Not a Btrieve file
2026-02-07 11:01:56,513 - File: /Users/marchon/ld/btrieve-repair/.git/info/exclude - Not a Btrieve file
2026-02-07 11:01:56,513 - File: /Users/marchon/ld/btrieve-repair/.git/logs/HEAD - Not a Btrieve file
2026-02-07 11:01:56,513 - File: /Users/marchon/ld/btrieve-repair/.git/logs/refs/heads/main - Not a Btrieve file
2026-02-07 11:01:56,513 - File: /Users/marchon/ld/btrieve-repair/.git/hooks/commit-msg.sample - Not a Btrieve file
2026-02-07 11:01:56,513 - File: /Users/marchon/ld/btrieve-repair/.git/hooks/pre-rebase.sample - Not a Btrieve file
2026-02-07 11:01:56,513 - File: /Users/marchon/ld/btrieve-repair/.git/hooks/sendemail-validate.sample - Not a Btrieve file
2026-02-07 11:01:56,513 - File: /Users/marchon/ld/btrieve-repair/.git/hooks/pre-commit.sample - Not a Btrieve file
2026-02-07 11:01:56,513 - File: /Users/marchon/ld/btrieve-repair/.git/hooks/applypatch-msg.sample - Not a Btrieve file
2026-02-07 11:01:56,513 - File: /Users/marchon/ld/btrieve-repair/.git/hooks/fsmonitor-watchman.sample - Not a Btrieve file
2026-02-07 11:01:56,513 - File: /Users/marchon/ld/btrieve-repair/.git/hooks/pre-receive.sample - Not a Btrieve file
2026-02-07 11:01:56,513 - File: /Users/marchon/ld/btrieve-repair/.git/hooks/prepare-commit-msg.sample - Not a Btrieve file
2026-02-07 11:01:56,514 - File: /Users/marchon/ld/btrieve-repair/.git/hooks/post-update.sample - Not a Btrieve file
2026-02-07 11:01:56,514 - File: /Users/marchon/ld/btrieve-repair/.git/hooks/pre-merge-commit.sample - Not a Btrieve file
2026-02-07 11:01:56,514 - File: /Users/marchon/ld/btrieve-repair/.git/hooks/pre-applypatch.sample - Not a Btrieve file
2026-02-07 11:01:56,514 - File: /Users/marchon/ld/btrieve-repair/.git/hooks/pre-push.sample - Not a Btrieve file
2026-02-07 11:01:56,514 - File: /Users/marchon/ld/btrieve-repair/.git/hooks/update.sample - Not a Btrieve file
2026-02-07 11:01:56,514 - File: /Users/marchon/ld/btrieve-repair/.git/hooks/push-to-checkout.sample - Not a Btrieve file
2026-02-07 11:01:56,514 - File: /Users/marchon/ld/btrieve-repair/.git/refs/heads/main - Not a Btrieve file
2026-02-07 11:07:15,813 - Scanning directory: /Users/marchon/ld/
2026-02-07 11:07:15,814 - ==================================================
2026-02-07 11:07:15,814 - File: /Users/marchon/ld/rapidc.frm - Not a Btrieve file
2026-02-07 11:07:15,814 - File: /Users/marchon/ld/file.txt - Not a Btrieve file
2026-02-07 11:07:15,814 - File: /Users/marchon/ld/LD-03.DAT - Not a Btrieve file
2026-02-07 11:07:15,814 - File: /Users/marchon/ld/LD32.DAT - Not a Btrieve file
2026-02-07 11:07:15,814 - File: /Users/marchon/ld/LD33.DAT - Not a Btrieve file
2026-02-07 11:07:15,815 - File: /Users/marchon/ld/LD-16.DAT - Not a Btrieve file
2026-02-07 11:07:15,815 - File: /Users/marchon/ld/LD-02.DAT - Not a Btrieve file
2026-02-07 11:07:15,815 - File: /Users/marchon/ld/ST2.RPT - Not a Btrieve file
2026-02-07 11:07:15,815 - File: /Users/marchon/ld/LYT-INST.DAT - Not a Btrieve file
2026-02-07 11:07:15,815 - File: /Users/marchon/ld/LD14.DAT.original - Not a Btrieve file
2026-02-07 11:07:15,815 - File: /Users/marchon/ld/LD-14.DAT - Not a Btrieve file
2026-02-07 11:07:15,815 - File: /Users/marchon/ld/LD-00.DAT - Not a Btrieve file
2026-02-07 11:07:15,816 - File: /Users/marchon/ld/LD19.DAT - Not a Btrieve file
2026-02-07 11:07:15,816 - File: /Users/marchon/ld/LD31.DAT - Not a Btrieve file
2026-02-07 11:07:15,816 - File: /Users/marchon/ld/POST.DAT - Not a Btrieve file
2026-02-07 11:07:15,816 - File: /Users/marchon/ld/LD-01.DAT - Not a Btrieve file
2026-02-07 11:07:15,816 - File: /Users/marchon/ld/LD-15.DAT - Not a Btrieve file
2026-02-07 11:07:15,816 - File: /Users/marchon/ld/ST1.RPT - Not a Btrieve file
2026-02-07 11:07:15,816 - File: /Users/marchon/ld/LD06.DAT.original - Not a Btrieve file
2026-02-07 11:07:15,816 - File: /Users/marchon/ld/lhcfa.frm - Not a Btrieve file
2026-02-07 11:07:15,817 - File: /Users/marchon/ld/LD01.DAT.original - Not a Btrieve file
2026-02-07 11:07:15,817 - File: /Users/marchon/ld/prein94.frm - Not a Btrieve file
2026-02-07 11:07:15,817 - File: /Users/marchon/ld/Field.txt - Not a Btrieve file
2026-02-07 11:07:15,817 - File: /Users/marchon/ld/fixit.py - Not a Btrieve file
2026-02-07 11:07:15,817 - File: /Users/marchon/ld/hcfa.frm - Not a Btrieve file
2026-02-07 11:07:15,817 - File: /Users/marchon/ld/LD23.DAT.original - Not a Btrieve file
2026-02-07 11:07:15,818 - File: /Users/marchon/ld/.DS_Store - Not a Btrieve file
2026-02-07 11:07:15,818 - File: /Users/marchon/ld/LD-11.DAT - Not a Btrieve file
2026-02-07 11:07:15,818 - File: /Users/marchon/ld/LD-05.DAT - Not a Btrieve file
2026-02-07 11:07:15,818 - File: /Users/marchon/ld/LD34.DAT - Not a Btrieve file
2026-02-07 11:07:15,818 - File: /Users/marchon/ld/LD20.DAT - Not a Btrieve file
2026-02-07 11:07:15,818 - File: /Users/marchon/ld/LD08.DAT - Not a Btrieve file
2026-02-07 11:07:15,818 - File: /Users/marchon/ld/LD09.DAT - Not a Btrieve file
2026-02-07 11:07:15,819 - File: /Users/marchon/ld/LD21.DAT - Not a Btrieve file
2026-02-07 11:07:15,819 - File: /Users/marchon/ld/LD35.DAT - Not a Btrieve file
2026-02-07 11:07:15,819 - File: /Users/marchon/ld/LD-04.DAT - Not a Btrieve file
2026-02-07 11:07:15,819 - File: /Users/marchon/ld/LD-10.DAT - Not a Btrieve file
2026-02-07 11:07:15,819 - File: /Users/marchon/ld/ds95.frm - Not a Btrieve file
2026-02-07 11:07:15,819 - File: /Users/marchon/ld/rec.frm - Not a Btrieve file
2026-02-07 11:07:15,820 - File: /Users/marchon/ld/LD00.DAT.original - Not a Btrieve file
2026-02-07 11:07:15,820 - File: /Users/marchon/ld/LD-12.DAT - Not a Btrieve file
2026-02-07 11:07:15,820 - File: /Users/marchon/ld/LD23.DAT - Not a Btrieve file
2026-02-07 11:07:15,820 - File: /Users/marchon/ld/LD37.DAT - Btrieve file, but no DDF entry found
2026-02-07 11:07:15,820 - File: /Users/marchon/ld/LD36.DAT - Not a Btrieve file
2026-02-07 11:07:15,820 - File: /Users/marchon/ld/LD22.DAT - Not a Btrieve file
2026-02-07 11:07:15,821 - File: /Users/marchon/ld/LD-13.DAT - Not a Btrieve file
2026-02-07 11:07:15,821 - File: /Users/marchon/ld/LD-07.DAT - Not a Btrieve file
2026-02-07 11:07:15,821 - File: /Users/marchon/ld/STA.RPT - Not a Btrieve file
2026-02-07 11:07:15,821 - File: /Users/marchon/ld/BLS.frm - Not a Btrieve file
2026-02-07 11:07:15,821 - File: /Users/marchon/ld/LD12.DAT.original - Not a Btrieve file
2026-02-07 11:07:15,821 - File: /Users/marchon/ld/LD15.DAT.original - Not a Btrieve file
2026-02-07 11:07:15,822 - File: /Users/marchon/ld/ROS.frm - Not a Btrieve file
2026-02-07 11:07:15,822 - File: /Users/marchon/ld/chart.dat - Not a Btrieve file
2026-02-07 11:07:15,822 - File: /Users/marchon/ld/ld08.txt - Not a Btrieve file
2026-02-07 11:07:15,822 - File: /Users/marchon/ld/AALSI.frm - Not a Btrieve file
2026-02-07 11:07:15,822 - File: /Users/marchon/ld/LM39.DAT - Not a Btrieve file
2026-02-07 11:07:15,822 - File: /Users/marchon/ld/pstcrd.frm - Not a Btrieve file
2026-02-07 11:07:15,823 - File: /Users/marchon/ld/rapsta1.frm - Not a Btrieve file
2026-02-07 11:07:15,823 - File: /Users/marchon/ld/Field.ddf.txt - Not a Btrieve file
2026-02-07 11:07:15,823 - File: /Users/marchon/ld/LD-SYS.DAT - Not a Btrieve file
2026-02-07 11:07:15,823 - File: /Users/marchon/ld/chart.dat.original - Not a Btrieve file
2026-02-07 11:07:15,823 - File: /Users/marchon/ld/pc.frm - Not a Btrieve file
2026-02-07 11:07:15,823 - File: /Users/marchon/ld/Index.txt - Not a Btrieve file
2026-02-07 11:07:15,823 - File: /Users/marchon/ld/bdy.frm - Not a Btrieve file
2026-02-07 11:07:15,824 - File: /Users/marchon/ld/LD19.DAT.original - Not a Btrieve file
2026-02-07 11:07:15,824 - File: /Users/marchon/ld/in1.frm - Not a Btrieve file
2026-02-07 11:07:15,824 - File: /Users/marchon/ld/lsi.frm - Not a Btrieve file
2026-02-07 11:07:15,824 - File: /Users/marchon/ld/in2.frm - Not a Btrieve file
2026-02-07 11:07:15,824 - File: /Users/marchon/ld/ins.frm - Not a Btrieve file
2026-02-07 11:07:15,824 - File: /Users/marchon/ld/LREC.frm - Not a Btrieve file
2026-02-07 11:07:15,824 - File: /Users/marchon/ld/raplss.frm - Not a Btrieve file
2026-02-07 11:07:15,825 - File: /Users/marchon/ld/LD09.DAT.original - Not a Btrieve file
2026-02-07 11:07:15,825 - File: /Users/marchon/ld/AALSI-2.frm - Not a Btrieve file
2026-02-07 11:07:15,825 - File: /Users/marchon/ld/Index.ddf - Not a Btrieve file
2026-02-07 11:07:15,825 - File: /Users/marchon/ld/RAPID.frm - Not a Btrieve file
2026-02-07 11:07:15,825 - File: /Users/marchon/ld/lss.frm - Not a Btrieve file
2026-02-07 11:07:15,825 - File: /Users/marchon/ld/in95.frm - Not a Btrieve file
2026-02-07 11:07:15,825 - File: /Users/marchon/ld/BtrFileSaver - Not a Btrieve file
2026-02-07 11:07:15,825 - File: /Users/marchon/ld/in94.frm - Not a Btrieve file
2026-02-07 11:07:15,826 - File: /Users/marchon/ld/fix.py - Not a Btrieve file
2026-02-07 11:07:15,826 - File: /Users/marchon/ld/LD08.DAT.original - Not a Btrieve file
2026-02-07 11:07:15,826 - File: /Users/marchon/ld/ld06.txt - Not a Btrieve file
2026-02-07 11:07:15,826 - File: /Users/marchon/ld/btr.py - Not a Btrieve file
2026-02-07 11:07:15,826 - File: /Users/marchon/ld/ec2.frm - Not a Btrieve file
2026-02-07 11:07:15,826 - File: /Users/marchon/ld/ec1.frm - Not a Btrieve file
2026-02-07 11:07:15,827 - File: /Users/marchon/ld/LD21.DAT.original - Not a Btrieve file
2026-02-07 11:07:15,827 - File: /Users/marchon/ld/st2.frm - Not a Btrieve file
2026-02-07 11:07:15,827 - File: /Users/marchon/ld/LD07.DAT - Not a Btrieve file
2026-02-07 11:07:15,827 - File: /Users/marchon/ld/LD13.DAT - Not a Btrieve file
2026-02-07 11:07:15,827 - File: /Users/marchon/ld/LD12.DAT - Not a Btrieve file
2026-02-07 11:07:15,827 - File: /Users/marchon/ld/LD06.DAT - Not a Btrieve file
2026-02-07 11:07:15,827 - File: /Users/marchon/ld/Field.ddf - Not a Btrieve file
2026-02-07 11:07:15,827 - File: /Users/marchon/ld/lbl.frm - Not a Btrieve file
2026-02-07 11:07:15,827 - File: /Users/marchon/ld/LD05.DAT.original - Not a Btrieve file
2026-02-07 11:07:15,827 - File: /Users/marchon/ld/done.msg - Not a Btrieve file
2026-02-07 11:07:15,828 - File: /Users/marchon/ld/LD02.DAT.original - Not a Btrieve file
2026-02-07 11:07:15,828 - File: /Users/marchon/ld/st1.frm - Not a Btrieve file
2026-02-07 11:07:15,828 - File: /Users/marchon/ld/LD-09.DAT - Not a Btrieve file
2026-02-07 11:07:15,828 - File: /Users/marchon/ld/LD38.DAT - Not a Btrieve file
2026-02-07 11:07:15,828 - File: /Users/marchon/ld/LD04.DAT - Not a Btrieve file
2026-02-07 11:07:15,828 - File: /Users/marchon/ld/LD05.DAT - Not a Btrieve file
2026-02-07 11:07:15,828 - File: /Users/marchon/ld/LD11.DAT - Not a Btrieve file
2026-02-07 11:07:15,829 - File: /Users/marchon/ld/another-thought.py - Not a Btrieve file
2026-02-07 11:07:15,829 - File: /Users/marchon/ld/LD-08.DAT - Not a Btrieve file
2026-02-07 11:07:15,829 - File: /Users/marchon/ld/File.ddf.txt - Not a Btrieve file
2026-02-07 11:07:15,829 - File: /Users/marchon/ld/fixit-2.py - Not a Btrieve file
2026-02-07 11:07:15,829 - File: /Users/marchon/ld/nar.frm - Not a Btrieve file
2026-02-07 11:07:15,829 - File: /Users/marchon/ld/tt.cpp - Not a Btrieve file
2026-02-07 11:07:15,830 - File: /Users/marchon/ld/LD15.DAT - Not a Btrieve file
2026-02-07 11:07:15,830 - File: /Users/marchon/ld/LD01.DAT - Not a Btrieve file
2026-02-07 11:07:15,830 - File: /Users/marchon/ld/rapsta.frm - Not a Btrieve file
2026-02-07 11:07:15,830 - File: /Users/marchon/ld/ld29.dat - Not a Btrieve file
2026-02-07 11:07:15,830 - File: /Users/marchon/ld/LD00.DAT - Not a Btrieve file
2026-02-07 11:07:15,830 - File: /Users/marchon/ld/LD14.DAT - Not a Btrieve file
2026-02-07 11:07:15,830 - File: /Users/marchon/ld/File.ddf - Not a Btrieve file
2026-02-07 11:07:15,830 - File: /Users/marchon/ld/LD16.DAT.original - Not a Btrieve file
2026-02-07 11:07:15,830 - File: /Users/marchon/ld/APPT.frm - Not a Btrieve file
2026-02-07 11:07:15,831 - File: /Users/marchon/ld/sta.frm - Not a Btrieve file
2026-02-07 11:07:15,831 - File: /Users/marchon/ld/LD02.DAT - Not a Btrieve file
2026-02-07 11:07:15,831 - File: /Users/marchon/ld/LD16.DAT - Not a Btrieve file
2026-02-07 11:07:15,831 - File: /Users/marchon/ld/LD17.DAT - Not a Btrieve file
2026-02-07 11:07:15,831 - File: /Users/marchon/ld/LD03.DAT - Not a Btrieve file
2026-02-07 11:07:15,831 - File: /Users/marchon/ld/LD03.DAT.original - Not a Btrieve file
2026-02-07 11:07:15,831 - File: /Users/marchon/ld/LD04.DAT.original - Not a Btrieve file
2026-02-07 11:07:15,831 - File: /Users/marchon/ld/LM-COM.DAT - Not a Btrieve file
2026-02-07 11:07:15,832 - File: /Users/marchon/ld/original/LD03.DAT.original.txt - Not a Btrieve file
2026-02-07 11:07:15,832 - File: /Users/marchon/ld/original/LD08.DAT.original.txt - Not a Btrieve file
2026-02-07 11:07:15,832 - File: /Users/marchon/ld/original/btr.zip - Not a Btrieve file
2026-02-07 11:07:15,832 - File: /Users/marchon/ld/original/LD23.DAT.original.txt - Not a Btrieve file
2026-02-07 11:07:15,832 - File: /Users/marchon/ld/original/LD02.DAT.original.txt - Not a Btrieve file
2026-02-07 11:07:15,832 - File: /Users/marchon/ld/original/LD16.DAT.original.txt - Not a Btrieve file
2026-02-07 11:07:15,833 - File: /Users/marchon/ld/original/LD09.DAT.original.txt - Not a Btrieve file
2026-02-07 11:07:15,833 - File: /Users/marchon/ld/original/LD12.DAT.original.txt - Not a Btrieve file
2026-02-07 11:07:15,833 - File: /Users/marchon/ld/original/LD06.DAT.original.txt - Not a Btrieve file
2026-02-07 11:07:15,833 - File: /Users/marchon/ld/original/LD19.DAT.original.txt - Not a Btrieve file
2026-02-07 11:07:15,833 - File: /Users/marchon/ld/original/LD15.DAT.original.txt - Not a Btrieve file
2026-02-07 11:07:15,834 - File: /Users/marchon/ld/original/LD01.DAT.original.txt - Not a Btrieve file
2026-02-07 11:07:15,834 - File: /Users/marchon/ld/original/LD05.DAT.original.txt - Not a Btrieve file
2026-02-07 11:07:15,834 - File: /Users/marchon/ld/original/Field.ddf.original.txt - Not a Btrieve file
2026-02-07 11:07:15,834 - File: /Users/marchon/ld/original/chart.dat.original.txt - Not a Btrieve file
2026-02-07 11:07:15,834 - File: /Users/marchon/ld/original/LD14.DAT.original.txt - Not a Btrieve file
2026-02-07 11:07:15,834 - File: /Users/marchon/ld/original/LD00.DAT.original.txt - Not a Btrieve file
2026-02-07 11:07:15,835 - File: /Users/marchon/ld/original/LD21.DAT.original.txt - Not a Btrieve file
2026-02-07 11:07:15,835 - File: /Users/marchon/ld/original/LD04.DAT.original.txt - Not a Btrieve file
2026-02-07 11:07:15,835 - File: /Users/marchon/ld/original/fix/part1.py - Not a Btrieve file
2026-02-07 11:07:15,835 - File: /Users/marchon/ld/original/fix/part5.py - Not a Btrieve file
2026-02-07 11:07:15,835 - File: /Users/marchon/ld/original/fix/part4.py - Not a Btrieve file
2026-02-07 11:07:15,835 - File: /Users/marchon/ld/original/fix/Ledger_FirstSet_FullyRepaired_And_Exported.zip - Not a Btrieve file
2026-02-07 11:07:15,835 - File: /Users/marchon/ld/original/fix/part3.py - Not a Btrieve file
2026-02-07 11:07:15,835 - File: /Users/marchon/ld/original/fix/part2.py - Not a Btrieve file
2026-02-07 11:07:15,836 - File: /Users/marchon/ld/btrieve-repair/Makefile - Not a Btrieve file
2026-02-07 11:07:15,836 - File: /Users/marchon/ld/btrieve-repair/README.MD - Not a Btrieve file
2026-02-07 11:07:15,836 - File: /Users/marchon/ld/btrieve-repair/btrmaster.c - Not a Btrieve file
2026-02-07 11:07:15,836 - File: /Users/marchon/ld/btrieve-repair/.git/config - Not a Btrieve file
2026-02-07 11:07:15,836 - File: /Users/marchon/ld/btrieve-repair/.git/HEAD - Not a Btrieve file
2026-02-07 11:07:15,837 - File: /Users/marchon/ld/btrieve-repair/.git/description - Not a Btrieve file
2026-02-07 11:07:15,837 - File: /Users/marchon/ld/btrieve-repair/.git/index - Not a Btrieve file
2026-02-07 11:07:15,837 - File: /Users/marchon/ld/btrieve-repair/.git/COMMIT_EDITMSG - Not a Btrieve file
2026-02-07 11:07:15,837 - File: /Users/marchon/ld/btrieve-repair/.git/objects/3e/59131af40d8270cbeaf0d92512fc3811de2f27 - Not a Btrieve file
2026-02-07 11:07:15,837 - File: /Users/marchon/ld/btrieve-repair/.git/objects/e4/c08e14feb95e61b962880a009c6456d8c7ee8d - Not a Btrieve file
2026-02-07 11:07:15,837 - File: /Users/marchon/ld/btrieve-repair/.git/objects/2a/e7515c521aa9a068b7b0e561ec67ca3c314621 - Not a Btrieve file
2026-02-07 11:07:15,837 - File: /Users/marchon/ld/btrieve-repair/.git/info/exclude - Not a Btrieve file
2026-02-07 11:07:15,837 - File: /Users/marchon/ld/btrieve-repair/.git/logs/HEAD - Not a Btrieve file
2026-02-07 11:07:15,837 - File: /Users/marchon/ld/btrieve-repair/.git/logs/refs/heads/main - Not a Btrieve file
2026-02-07 11:07:15,837 - File: /Users/marchon/ld/btrieve-repair/.git/hooks/commit-msg.sample - Not a Btrieve file
2026-02-07 11:07:15,838 - File: /Users/marchon/ld/btrieve-repair/.git/hooks/pre-rebase.sample - Not a Btrieve file
2026-02-07 11:07:15,838 - File: /Users/marchon/ld/btrieve-repair/.git/hooks/sendemail-validate.sample - Not a Btrieve file
2026-02-07 11:07:15,838 - File: /Users/marchon/ld/btrieve-repair/.git/hooks/pre-commit.sample - Not a Btrieve file
2026-02-07 11:07:15,838 - File: /Users/marchon/ld/btrieve-repair/.git/hooks/applypatch-msg.sample - Not a Btrieve file
2026-02-07 11:07:15,838 - File: /Users/marchon/ld/btrieve-repair/.git/hooks/fsmonitor-watchman.sample - Not a Btrieve file
2026-02-07 11:07:15,838 - File: /Users/marchon/ld/btrieve-repair/.git/hooks/pre-receive.sample - Not a Btrieve file
2026-02-07 11:07:15,838 - File: /Users/marchon/ld/btrieve-repair/.git/hooks/prepare-commit-msg.sample - Not a Btrieve file
2026-02-07 11:07:15,838 - File: /Users/marchon/ld/btrieve-repair/.git/hooks/post-update.sample - Not a Btrieve file
2026-02-07 11:07:15,838 - File: /Users/marchon/ld/btrieve-repair/.git/hooks/pre-merge-commit.sample - Not a Btrieve file
2026-02-07 11:07:15,838 - File: /Users/marchon/ld/btrieve-repair/.git/hooks/pre-applypatch.sample - Not a Btrieve file
2026-02-07 11:07:15,838 - File: /Users/marchon/ld/btrieve-repair/.git/hooks/pre-push.sample - Not a Btrieve file
2026-02-07 11:07:15,838 - File: /Users/marchon/ld/btrieve-repair/.git/hooks/update.sample - Not a Btrieve file
2026-02-07 11:07:15,838 - File: /Users/marchon/ld/btrieve-repair/.git/hooks/push-to-checkout.sample - Not a Btrieve file
2026-02-07 11:07:15,839 - File: /Users/marchon/ld/btrieve-repair/.git/refs/heads/main - Not a Btrieve file
2026-02-07 11:07:23,336 - Scanning directory: /Users/marchon/ld/
2026-02-07 11:07:23,336 - ==================================================
2026-02-07 11:07:23,336 - File: /Users/marchon/ld/rapidc.frm - Not a Btrieve file
2026-02-07 11:07:23,336 - File: /Users/marchon/ld/file.txt - Not a Btrieve file
2026-02-07 11:07:23,336 - File: /Users/marchon/ld/LD-03.DAT - Not a Btrieve file
2026-02-07 11:07:23,336 - File: /Users/marchon/ld/LD32.DAT - Not a Btrieve file
2026-02-07 11:07:23,336 - File: /Users/marchon/ld/LD33.DAT - Not a Btrieve file
2026-02-07 11:07:23,336 - File: /Users/marchon/ld/LD-16.DAT - Not a Btrieve file
2026-02-07 11:07:23,336 - File: /Users/marchon/ld/LD-02.DAT - Not a Btrieve file
2026-02-07 11:07:23,336 - File: /Users/marchon/ld/ST2.RPT - Not a Btrieve file
2026-02-07 11:07:23,336 - File: /Users/marchon/ld/LYT-INST.DAT - Not a Btrieve file
2026-02-07 11:07:23,337 - File: /Users/marchon/ld/LD14.DAT.original - Not a Btrieve file
2026-02-07 11:07:23,337 - File: /Users/marchon/ld/LD-14.DAT - Not a Btrieve file
2026-02-07 11:07:23,337 - File: /Users/marchon/ld/LD-00.DAT - Not a Btrieve file
2026-02-07 11:07:23,337 - File: /Users/marchon/ld/LD19.DAT - Not a Btrieve file
2026-02-07 11:07:23,337 - File: /Users/marchon/ld/LD31.DAT - Not a Btrieve file
2026-02-07 11:07:23,337 - File: /Users/marchon/ld/POST.DAT - Not a Btrieve file
2026-02-07 11:07:23,337 - File: /Users/marchon/ld/LD-01.DAT - Not a Btrieve file
2026-02-07 11:07:23,337 - File: /Users/marchon/ld/LD-15.DAT - Not a Btrieve file
2026-02-07 11:07:23,337 - File: /Users/marchon/ld/ST1.RPT - Not a Btrieve file
2026-02-07 11:07:23,337 - File: /Users/marchon/ld/LD06.DAT.original - Not a Btrieve file
2026-02-07 11:07:23,337 - File: /Users/marchon/ld/lhcfa.frm - Not a Btrieve file
2026-02-07 11:07:23,337 - File: /Users/marchon/ld/LD01.DAT.original - Not a Btrieve file
2026-02-07 11:07:23,337 - File: /Users/marchon/ld/prein94.frm - Not a Btrieve file
2026-02-07 11:07:23,337 - File: /Users/marchon/ld/Field.txt - Not a Btrieve file
2026-02-07 11:07:23,337 - File: /Users/marchon/ld/fixit.py - Not a Btrieve file
2026-02-07 11:07:23,337 - File: /Users/marchon/ld/hcfa.frm - Not a Btrieve file
2026-02-07 11:07:23,337 - File: /Users/marchon/ld/LD23.DAT.original - Not a Btrieve file
2026-02-07 11:07:23,337 - File: /Users/marchon/ld/.DS_Store - Not a Btrieve file
2026-02-07 11:07:23,337 - File: /Users/marchon/ld/LD-11.DAT - Not a Btrieve file
2026-02-07 11:07:23,337 - File: /Users/marchon/ld/LD-05.DAT - Not a Btrieve file
2026-02-07 11:07:23,337 - File: /Users/marchon/ld/LD34.DAT - Not a Btrieve file
2026-02-07 11:07:23,337 - File: /Users/marchon/ld/LD20.DAT - Not a Btrieve file
2026-02-07 11:07:23,337 - File: /Users/marchon/ld/LD08.DAT - Not a Btrieve file
2026-02-07 11:07:23,337 - File: /Users/marchon/ld/LD09.DAT - Not a Btrieve file
2026-02-07 11:07:23,337 - File: /Users/marchon/ld/LD21.DAT - Not a Btrieve file
2026-02-07 11:07:23,337 - File: /Users/marchon/ld/LD35.DAT - Not a Btrieve file
2026-02-07 11:07:23,338 - File: /Users/marchon/ld/LD-04.DAT - Not a Btrieve file
2026-02-07 11:07:23,338 - File: /Users/marchon/ld/LD-10.DAT - Not a Btrieve file
2026-02-07 11:07:23,338 - File: /Users/marchon/ld/ds95.frm - Not a Btrieve file
2026-02-07 11:07:23,338 - File: /Users/marchon/ld/rec.frm - Not a Btrieve file
2026-02-07 11:07:23,338 - File: /Users/marchon/ld/LD00.DAT.original - Not a Btrieve file
2026-02-07 11:07:23,338 - File: /Users/marchon/ld/LD-12.DAT - Not a Btrieve file
2026-02-07 11:07:23,338 - File: /Users/marchon/ld/LD23.DAT - Not a Btrieve file
2026-02-07 11:07:23,338 - File: /Users/marchon/ld/LD37.DAT - Btrieve file, but no DDF entry found
2026-02-07 11:07:23,338 - File: /Users/marchon/ld/LD36.DAT - Not a Btrieve file
2026-02-07 11:07:23,338 - File: /Users/marchon/ld/LD22.DAT - Not a Btrieve file
2026-02-07 11:07:23,338 - File: /Users/marchon/ld/LD-13.DAT - Not a Btrieve file
2026-02-07 11:07:23,338 - File: /Users/marchon/ld/LD-07.DAT - Not a Btrieve file
2026-02-07 11:07:23,338 - File: /Users/marchon/ld/STA.RPT - Not a Btrieve file
2026-02-07 11:07:23,338 - File: /Users/marchon/ld/BLS.frm - Not a Btrieve file
2026-02-07 11:07:23,338 - File: /Users/marchon/ld/LD12.DAT.original - Not a Btrieve file
2026-02-07 11:07:23,338 - File: /Users/marchon/ld/LD15.DAT.original - Not a Btrieve file
2026-02-07 11:07:23,338 - File: /Users/marchon/ld/ROS.frm - Not a Btrieve file
2026-02-07 11:07:23,338 - File: /Users/marchon/ld/chart.dat - Not a Btrieve file
2026-02-07 11:07:23,338 - File: /Users/marchon/ld/ld08.txt - Not a Btrieve file
2026-02-07 11:07:23,338 - File: /Users/marchon/ld/AALSI.frm - Not a Btrieve file
2026-02-07 11:07:23,338 - File: /Users/marchon/ld/LM39.DAT - Not a Btrieve file
2026-02-07 11:07:23,338 - File: /Users/marchon/ld/pstcrd.frm - Not a Btrieve file
2026-02-07 11:07:23,338 - File: /Users/marchon/ld/rapsta1.frm - Not a Btrieve file
2026-02-07 11:07:23,338 - File: /Users/marchon/ld/Field.ddf.txt - Not a Btrieve file
2026-02-07 11:07:23,338 - File: /Users/marchon/ld/LD-SYS.DAT - Not a Btrieve file
2026-02-07 11:07:23,338 - File: /Users/marchon/ld/chart.dat.original - Not a Btrieve file
2026-02-07 11:07:23,338 - File: /Users/marchon/ld/pc.frm - Not a Btrieve file
2026-02-07 11:07:23,338 - File: /Users/marchon/ld/Index.txt - Not a Btrieve file
2026-02-07 11:07:23,339 - File: /Users/marchon/ld/bdy.frm - Not a Btrieve file
2026-02-07 11:07:23,339 - File: /Users/marchon/ld/LD19.DAT.original - Not a Btrieve file
2026-02-07 11:07:23,339 - File: /Users/marchon/ld/in1.frm - Not a Btrieve file
2026-02-07 11:07:23,339 - File: /Users/marchon/ld/lsi.frm - Not a Btrieve file
2026-02-07 11:07:23,339 - File: /Users/marchon/ld/in2.frm - Not a Btrieve file
2026-02-07 11:07:23,339 - File: /Users/marchon/ld/ins.frm - Not a Btrieve file
2026-02-07 11:07:23,339 - File: /Users/marchon/ld/LREC.frm - Not a Btrieve file
2026-02-07 11:07:23,339 - File: /Users/marchon/ld/raplss.frm - Not a Btrieve file
2026-02-07 11:07:23,339 - File: /Users/marchon/ld/LD09.DAT.original - Not a Btrieve file
2026-02-07 11:07:23,339 - File: /Users/marchon/ld/AALSI-2.frm - Not a Btrieve file
2026-02-07 11:07:23,339 - File: /Users/marchon/ld/Index.ddf - Not a Btrieve file
2026-02-07 11:07:23,339 - File: /Users/marchon/ld/RAPID.frm - Not a Btrieve file
2026-02-07 11:07:23,339 - File: /Users/marchon/ld/lss.frm - Not a Btrieve file
2026-02-07 11:07:23,339 - File: /Users/marchon/ld/in95.frm - Not a Btrieve file
2026-02-07 11:07:23,339 - File: /Users/marchon/ld/BtrFileSaver - Not a Btrieve file
2026-02-07 11:07:23,339 - File: /Users/marchon/ld/in94.frm - Not a Btrieve file
2026-02-07 11:07:23,339 - File: /Users/marchon/ld/fix.py - Not a Btrieve file
2026-02-07 11:07:23,339 - File: /Users/marchon/ld/LD08.DAT.original - Not a Btrieve file
2026-02-07 11:07:23,339 - File: /Users/marchon/ld/ld06.txt - Not a Btrieve file
2026-02-07 11:07:23,339 - File: /Users/marchon/ld/btr.py - Not a Btrieve file
2026-02-07 11:07:23,339 - File: /Users/marchon/ld/ec2.frm - Not a Btrieve file
2026-02-07 11:07:23,339 - File: /Users/marchon/ld/ec1.frm - Not a Btrieve file
2026-02-07 11:07:23,339 - File: /Users/marchon/ld/LD21.DAT.original - Not a Btrieve file
2026-02-07 11:07:23,339 - File: /Users/marchon/ld/st2.frm - Not a Btrieve file
2026-02-07 11:07:23,339 - File: /Users/marchon/ld/LD07.DAT - Not a Btrieve file
2026-02-07 11:07:23,339 - File: /Users/marchon/ld/LD13.DAT - Not a Btrieve file
2026-02-07 11:07:23,339 - File: /Users/marchon/ld/LD12.DAT - Not a Btrieve file
2026-02-07 11:07:23,339 - File: /Users/marchon/ld/LD06.DAT - Not a Btrieve file
2026-02-07 11:07:23,339 - File: /Users/marchon/ld/Field.ddf - Not a Btrieve file
2026-02-07 11:07:23,340 - File: /Users/marchon/ld/lbl.frm - Not a Btrieve file
2026-02-07 11:07:23,340 - File: /Users/marchon/ld/LD05.DAT.original - Not a Btrieve file
2026-02-07 11:07:23,340 - File: /Users/marchon/ld/done.msg - Not a Btrieve file
2026-02-07 11:07:23,340 - File: /Users/marchon/ld/LD02.DAT.original - Not a Btrieve file
2026-02-07 11:07:23,340 - File: /Users/marchon/ld/st1.frm - Not a Btrieve file
2026-02-07 11:07:23,340 - File: /Users/marchon/ld/LD-09.DAT - Not a Btrieve file
2026-02-07 11:07:23,340 - File: /Users/marchon/ld/LD38.DAT - Not a Btrieve file
2026-02-07 11:07:23,340 - File: /Users/marchon/ld/LD04.DAT - Not a Btrieve file
2026-02-07 11:07:23,340 - File: /Users/marchon/ld/LD05.DAT - Not a Btrieve file
2026-02-07 11:07:23,340 - File: /Users/marchon/ld/LD11.DAT - Not a Btrieve file
2026-02-07 11:07:23,340 - File: /Users/marchon/ld/another-thought.py - Not a Btrieve file
2026-02-07 11:07:23,340 - File: /Users/marchon/ld/LD-08.DAT - Not a Btrieve file
2026-02-07 11:07:23,340 - File: /Users/marchon/ld/File.ddf.txt - Not a Btrieve file
2026-02-07 11:07:23,340 - File: /Users/marchon/ld/fixit-2.py - Not a Btrieve file
2026-02-07 11:07:23,340 - File: /Users/marchon/ld/nar.frm - Not a Btrieve file
2026-02-07 11:07:23,340 - File: /Users/marchon/ld/tt.cpp - Not a Btrieve file
2026-02-07 11:07:23,340 - File: /Users/marchon/ld/LD15.DAT - Not a Btrieve file
2026-02-07 11:07:23,340 - File: /Users/marchon/ld/LD01.DAT - Not a Btrieve file
2026-02-07 11:07:23,340 - File: /Users/marchon/ld/rapsta.frm - Not a Btrieve file
2026-02-07 11:07:23,340 - File: /Users/marchon/ld/ld29.dat - Not a Btrieve file
2026-02-07 11:07:23,340 - File: /Users/marchon/ld/LD00.DAT - Not a Btrieve file
2026-02-07 11:07:23,340 - File: /Users/marchon/ld/LD14.DAT - Not a Btrieve file
2026-02-07 11:07:23,340 - File: /Users/marchon/ld/File.ddf - Not a Btrieve file
2026-02-07 11:07:23,340 - File: /Users/marchon/ld/LD16.DAT.original - Not a Btrieve file
2026-02-07 11:07:23,340 - File: /Users/marchon/ld/APPT.frm - Not a Btrieve file
2026-02-07 11:07:23,340 - File: /Users/marchon/ld/sta.frm - Not a Btrieve file
2026-02-07 11:07:23,340 - File: /Users/marchon/ld/LD02.DAT - Not a Btrieve file
2026-02-07 11:07:23,340 - File: /Users/marchon/ld/LD16.DAT - Not a Btrieve file
2026-02-07 11:07:23,340 - File: /Users/marchon/ld/LD17.DAT - Not a Btrieve file
2026-02-07 11:07:23,340 - File: /Users/marchon/ld/LD03.DAT - Not a Btrieve file
2026-02-07 11:07:23,341 - File: /Users/marchon/ld/LD03.DAT.original - Not a Btrieve file
2026-02-07 11:07:23,341 - File: /Users/marchon/ld/LD04.DAT.original - Not a Btrieve file
2026-02-07 11:07:23,341 - File: /Users/marchon/ld/LM-COM.DAT - Not a Btrieve file
2026-02-07 11:07:23,341 - File: /Users/marchon/ld/original/LD03.DAT.original.txt - Not a Btrieve file
2026-02-07 11:07:23,341 - File: /Users/marchon/ld/original/LD08.DAT.original.txt - Not a Btrieve file
2026-02-07 11:07:23,341 - File: /Users/marchon/ld/original/btr.zip - Not a Btrieve file
2026-02-07 11:07:23,341 - File: /Users/marchon/ld/original/LD23.DAT.original.txt - Not a Btrieve file
2026-02-07 11:07:23,341 - File: /Users/marchon/ld/original/LD02.DAT.original.txt - Not a Btrieve file
2026-02-07 11:07:23,341 - File: /Users/marchon/ld/original/LD16.DAT.original.txt - Not a Btrieve file
2026-02-07 11:07:23,341 - File: /Users/marchon/ld/original/LD09.DAT.original.txt - Not a Btrieve file
2026-02-07 11:07:23,341 - File: /Users/marchon/ld/original/LD12.DAT.original.txt - Not a Btrieve file
2026-02-07 11:07:23,341 - File: /Users/marchon/ld/original/LD06.DAT.original.txt - Not a Btrieve file
2026-02-07 11:07:23,341 - File: /Users/marchon/ld/original/LD19.DAT.original.txt - Not a Btrieve file
2026-02-07 11:07:23,341 - File: /Users/marchon/ld/original/LD15.DAT.original.txt - Not a Btrieve file
2026-02-07 11:07:23,341 - File: /Users/marchon/ld/original/LD01.DAT.original.txt - Not a Btrieve file
2026-02-07 11:07:23,341 - File: /Users/marchon/ld/original/LD05.DAT.original.txt - Not a Btrieve file
2026-02-07 11:07:23,341 - File: /Users/marchon/ld/original/Field.ddf.original.txt - Not a Btrieve file
2026-02-07 11:07:23,341 - File: /Users/marchon/ld/original/chart.dat.original.txt - Not a Btrieve file
2026-02-07 11:07:23,341 - File: /Users/marchon/ld/original/LD14.DAT.original.txt - Not a Btrieve file
2026-02-07 11:07:23,341 - File: /Users/marchon/ld/original/LD00.DAT.original.txt - Not a Btrieve file
2026-02-07 11:07:23,341 - File: /Users/marchon/ld/original/LD21.DAT.original.txt - Not a Btrieve file
2026-02-07 11:07:23,341 - File: /Users/marchon/ld/original/LD04.DAT.original.txt - Not a Btrieve file
2026-02-07 11:07:23,341 - File: /Users/marchon/ld/original/fix/part1.py - Not a Btrieve file
2026-02-07 11:07:23,341 - File: /Users/marchon/ld/original/fix/part5.py - Not a Btrieve file
2026-02-07 11:07:23,341 - File: /Users/marchon/ld/original/fix/part4.py - Not a Btrieve file
2026-02-07 11:07:23,341 - File: /Users/marchon/ld/original/fix/Ledger_FirstSet_FullyRepaired_And_Exported.zip - Not a Btrieve file
2026-02-07 11:07:23,341 - File: /Users/marchon/ld/original/fix/part3.py - Not a Btrieve file
2026-02-07 11:07:23,342 - File: /Users/marchon/ld/original/fix/part2.py - Not a Btrieve file
2026-02-07 11:07:23,342 - File: /Users/marchon/ld/btrieve-repair/Makefile - Not a Btrieve file
2026-02-07 11:07:23,342 - File: /Users/marchon/ld/btrieve-repair/README.MD - Not a Btrieve file
2026-02-07 11:07:23,342 - File: /Users/marchon/ld/btrieve-repair/btrmaster.c - Not a Btrieve file
2026-02-07 11:07:23,342 - File: /Users/marchon/ld/btrieve-repair/.git/config - Not a Btrieve file
2026-02-07 11:07:23,342 - File: /Users/marchon/ld/btrieve-repair/.git/HEAD - Not a Btrieve file
2026-02-07 11:07:23,342 - File: /Users/marchon/ld/btrieve-repair/.git/description - Not a Btrieve file
2026-02-07 11:07:23,342 - File: /Users/marchon/ld/btrieve-repair/.git/index - Not a Btrieve file
2026-02-07 11:07:23,342 - File: /Users/marchon/ld/btrieve-repair/.git/COMMIT_EDITMSG - Not a Btrieve file
2026-02-07 11:07:23,342 - File: /Users/marchon/ld/btrieve-repair/.git/objects/3e/59131af40d8270cbeaf0d92512fc3811de2f27 - Not a Btrieve file
2026-02-07 11:07:23,342 - File: /Users/marchon/ld/btrieve-repair/.git/objects/e4/c08e14feb95e61b962880a009c6456d8c7ee8d - Not a Btrieve file
2026-02-07 11:07:23,342 - File: /Users/marchon/ld/btrieve-repair/.git/objects/2a/e7515c521aa9a068b7b0e561ec67ca3c314621 - Not a Btrieve file
2026-02-07 11:07:23,342 - File: /Users/marchon/ld/btrieve-repair/.git/info/exclude - Not a Btrieve file
2026-02-07 11:07:23,342 - File: /Users/marchon/ld/btrieve-repair/.git/logs/HEAD - Not a Btrieve file
2026-02-07 11:07:23,342 - File: /Users/marchon/ld/btrieve-repair/.git/logs/refs/heads/main - Not a Btrieve file
2026-02-07 11:07:23,342 - File: /Users/marchon/ld/btrieve-repair/.git/hooks/commit-msg.sample - Not a Btrieve file
2026-02-07 11:07:23,342 - File: /Users/marchon/ld/btrieve-repair/.git/hooks/pre-rebase.sample - Not a Btrieve file
2026-02-07 11:07:23,342 - File: /Users/marchon/ld/btrieve-repair/.git/hooks/sendemail-validate.sample - Not a Btrieve file
2026-02-07 11:07:23,342 - File: /Users/marchon/ld/btrieve-repair/.git/hooks/pre-commit.sample - Not a Btrieve file
2026-02-07 11:07:23,342 - File: /Users/marchon/ld/btrieve-repair/.git/hooks/applypatch-msg.sample - Not a Btrieve file
2026-02-07 11:07:23,342 - File: /Users/marchon/ld/btrieve-repair/.git/hooks/fsmonitor-watchman.sample - Not a Btrieve file
2026-02-07 11:07:23,343 - File: /Users/marchon/ld/btrieve-repair/.git/hooks/pre-receive.sample - Not a Btrieve file
2026-02-07 11:07:23,343 - File: /Users/marchon/ld/btrieve-repair/.git/hooks/prepare-commit-msg.sample - Not a Btrieve file
2026-02-07 11:07:23,343 - File: /Users/marchon/ld/btrieve-repair/.git/hooks/post-update.sample - Not a Btrieve file
2026-02-07 11:07:23,343 - File: /Users/marchon/ld/btrieve-repair/.git/hooks/pre-merge-commit.sample - Not a Btrieve file
2026-02-07 11:07:23,343 - File: /Users/marchon/ld/btrieve-repair/.git/hooks/pre-applypatch.sample - Not a Btrieve file
2026-02-07 11:07:23,343 - File: /Users/marchon/ld/btrieve-repair/.git/hooks/pre-push.sample - Not a Btrieve file
2026-02-07 11:07:23,343 - File: /Users/marchon/ld/btrieve-repair/.git/hooks/update.sample - Not a Btrieve file
2026-02-07 11:07:23,343 - File: /Users/marchon/ld/btrieve-repair/.git/hooks/push-to-checkout.sample - Not a Btrieve file
2026-02-07 11:07:23,343 - File: /Users/marchon/ld/btrieve-repair/.git/refs/heads/main - Not a Btrieve file
2026-02-07 11:07:31,001 - Scanning directory: /Users/marchon/ld/
2026-02-07 11:07:31,001 - ==================================================
2026-02-07 11:07:31,001 - File: /Users/marchon/ld/rapidc.frm - Not a Btrieve file
2026-02-07 11:07:31,001 - File: /Users/marchon/ld/file.txt - Not a Btrieve file
2026-02-07 11:07:31,001 - File: /Users/marchon/ld/LD-03.DAT - Not a Btrieve file
2026-02-07 11:07:31,001 - File: /Users/marchon/ld/LD32.DAT - Not a Btrieve file
2026-02-07 11:07:31,001 - File: /Users/marchon/ld/LD33.DAT - Not a Btrieve file
2026-02-07 11:07:31,001 - File: /Users/marchon/ld/LD-16.DAT - Not a Btrieve file
2026-02-07 11:07:31,001 - File: /Users/marchon/ld/LD-02.DAT - Not a Btrieve file
2026-02-07 11:07:31,001 - File: /Users/marchon/ld/ST2.RPT - Not a Btrieve file
2026-02-07 11:07:31,002 - File: /Users/marchon/ld/LYT-INST.DAT - Not a Btrieve file
2026-02-07 11:07:31,002 - File: /Users/marchon/ld/LD14.DAT.original - Not a Btrieve file
2026-02-07 11:07:31,002 - File: /Users/marchon/ld/LD-14.DAT - Not a Btrieve file
2026-02-07 11:07:31,002 - File: /Users/marchon/ld/LD-00.DAT - Not a Btrieve file
2026-02-07 11:07:31,002 - File: /Users/marchon/ld/LD19.DAT - Not a Btrieve file
2026-02-07 11:07:31,002 - File: /Users/marchon/ld/LD31.DAT - Not a Btrieve file
2026-02-07 11:07:31,002 - File: /Users/marchon/ld/POST.DAT - Not a Btrieve file
2026-02-07 11:07:31,002 - File: /Users/marchon/ld/LD-01.DAT - Not a Btrieve file
2026-02-07 11:07:31,002 - File: /Users/marchon/ld/LD-15.DAT - Not a Btrieve file
2026-02-07 11:07:31,002 - File: /Users/marchon/ld/ST1.RPT - Not a Btrieve file
2026-02-07 11:07:31,002 - File: /Users/marchon/ld/LD06.DAT.original - Not a Btrieve file
2026-02-07 11:07:31,002 - File: /Users/marchon/ld/lhcfa.frm - Not a Btrieve file
2026-02-07 11:07:31,002 - File: /Users/marchon/ld/LD01.DAT.original - Not a Btrieve file
2026-02-07 11:07:31,002 - File: /Users/marchon/ld/prein94.frm - Not a Btrieve file
2026-02-07 11:07:31,002 - File: /Users/marchon/ld/Field.txt - Not a Btrieve file
2026-02-07 11:07:31,002 - File: /Users/marchon/ld/fixit.py - Not a Btrieve file
2026-02-07 11:07:31,002 - File: /Users/marchon/ld/hcfa.frm - Not a Btrieve file
2026-02-07 11:07:31,002 - File: /Users/marchon/ld/LD23.DAT.original - Not a Btrieve file
2026-02-07 11:07:31,002 - File: /Users/marchon/ld/.DS_Store - Not a Btrieve file
2026-02-07 11:07:31,002 - File: /Users/marchon/ld/LD-11.DAT - Not a Btrieve file
2026-02-07 11:07:31,002 - File: /Users/marchon/ld/LD-05.DAT - Not a Btrieve file
2026-02-07 11:07:31,002 - File: /Users/marchon/ld/LD34.DAT - Not a Btrieve file
2026-02-07 11:07:31,002 - File: /Users/marchon/ld/LD20.DAT - Not a Btrieve file
2026-02-07 11:07:31,002 - File: /Users/marchon/ld/LD08.DAT - Not a Btrieve file
2026-02-07 11:07:31,002 - File: /Users/marchon/ld/LD09.DAT - Not a Btrieve file
2026-02-07 11:07:31,002 - File: /Users/marchon/ld/LD21.DAT - Not a Btrieve file
2026-02-07 11:07:31,002 - File: /Users/marchon/ld/LD35.DAT - Not a Btrieve file
2026-02-07 11:07:31,002 - File: /Users/marchon/ld/LD-04.DAT - Not a Btrieve file
2026-02-07 11:07:31,002 - File: /Users/marchon/ld/LD-10.DAT - Not a Btrieve file
2026-02-07 11:07:31,002 - File: /Users/marchon/ld/ds95.frm - Not a Btrieve file
2026-02-07 11:07:31,002 - File: /Users/marchon/ld/rec.frm - Not a Btrieve file
2026-02-07 11:07:31,002 - File: /Users/marchon/ld/LD00.DAT.original - Not a Btrieve file
2026-02-07 11:07:31,003 - File: /Users/marchon/ld/LD-12.DAT - Not a Btrieve file
2026-02-07 11:07:31,003 - File: /Users/marchon/ld/LD23.DAT - Not a Btrieve file
2026-02-07 11:07:31,003 - File: /Users/marchon/ld/LD37.DAT - Btrieve file, but no DDF entry found
2026-02-07 11:07:31,003 - File: /Users/marchon/ld/LD36.DAT - Not a Btrieve file
2026-02-07 11:07:31,003 - File: /Users/marchon/ld/LD22.DAT - Not a Btrieve file
2026-02-07 11:07:31,003 - File: /Users/marchon/ld/LD-13.DAT - Not a Btrieve file
2026-02-07 11:07:31,003 - File: /Users/marchon/ld/LD-07.DAT - Not a Btrieve file
2026-02-07 11:07:31,003 - File: /Users/marchon/ld/STA.RPT - Not a Btrieve file
2026-02-07 11:07:31,003 - File: /Users/marchon/ld/BLS.frm - Not a Btrieve file
2026-02-07 11:07:31,003 - File: /Users/marchon/ld/LD12.DAT.original - Not a Btrieve file
2026-02-07 11:07:31,003 - File: /Users/marchon/ld/LD15.DAT.original - Not a Btrieve file
2026-02-07 11:07:31,003 - File: /Users/marchon/ld/ROS.frm - Not a Btrieve file
2026-02-07 11:07:31,003 - File: /Users/marchon/ld/chart.dat - Not a Btrieve file
2026-02-07 11:07:31,003 - File: /Users/marchon/ld/ld08.txt - Not a Btrieve file
2026-02-07 11:07:31,003 - File: /Users/marchon/ld/AALSI.frm - Not a Btrieve file
2026-02-07 11:07:31,003 - File: /Users/marchon/ld/LM39.DAT - Not a Btrieve file
2026-02-07 11:07:31,003 - File: /Users/marchon/ld/pstcrd.frm - Not a Btrieve file
2026-02-07 11:07:31,003 - File: /Users/marchon/ld/rapsta1.frm - Not a Btrieve file
2026-02-07 11:07:31,003 - File: /Users/marchon/ld/Field.ddf.txt - Not a Btrieve file
2026-02-07 11:07:31,003 - File: /Users/marchon/ld/LD-SYS.DAT - Not a Btrieve file
2026-02-07 11:07:31,003 - File: /Users/marchon/ld/chart.dat.original - Not a Btrieve file
2026-02-07 11:07:31,003 - File: /Users/marchon/ld/pc.frm - Not a Btrieve file
2026-02-07 11:07:31,003 - File: /Users/marchon/ld/Index.txt - Not a Btrieve file
2026-02-07 11:07:31,003 - File: /Users/marchon/ld/bdy.frm - Not a Btrieve file
2026-02-07 11:07:31,003 - File: /Users/marchon/ld/LD19.DAT.original - Not a Btrieve file
2026-02-07 11:07:31,003 - File: /Users/marchon/ld/in1.frm - Not a Btrieve file
2026-02-07 11:07:31,003 - File: /Users/marchon/ld/lsi.frm - Not a Btrieve file
2026-02-07 11:07:31,003 - File: /Users/marchon/ld/in2.frm - Not a Btrieve file
2026-02-07 11:07:31,003 - File: /Users/marchon/ld/ins.frm - Not a Btrieve file
2026-02-07 11:07:31,003 - File: /Users/marchon/ld/LREC.frm - Not a Btrieve file
2026-02-07 11:07:31,003 - File: /Users/marchon/ld/raplss.frm - Not a Btrieve file
2026-02-07 11:07:31,003 - File: /Users/marchon/ld/LD09.DAT.original - Not a Btrieve file
2026-02-07 11:07:31,004 - File: /Users/marchon/ld/AALSI-2.frm - Not a Btrieve file
2026-02-07 11:07:31,004 - File: /Users/marchon/ld/Index.ddf - Not a Btrieve file
2026-02-07 11:07:31,004 - File: /Users/marchon/ld/RAPID.frm - Not a Btrieve file
2026-02-07 11:07:31,004 - File: /Users/marchon/ld/lss.frm - Not a Btrieve file
2026-02-07 11:07:31,004 - File: /Users/marchon/ld/in95.frm - Not a Btrieve file
2026-02-07 11:07:31,004 - File: /Users/marchon/ld/BtrFileSaver - Not a Btrieve file
2026-02-07 11:07:31,004 - File: /Users/marchon/ld/in94.frm - Not a Btrieve file
2026-02-07 11:07:31,004 - File: /Users/marchon/ld/fix.py - Not a Btrieve file
2026-02-07 11:07:31,004 - File: /Users/marchon/ld/LD08.DAT.original - Not a Btrieve file
2026-02-07 11:07:31,004 - File: /Users/marchon/ld/ld06.txt - Not a Btrieve file
2026-02-07 11:07:31,004 - File: /Users/marchon/ld/btr.py - Not a Btrieve file
2026-02-07 11:07:31,004 - File: /Users/marchon/ld/ec2.frm - Not a Btrieve file
2026-02-07 11:07:31,004 - File: /Users/marchon/ld/ec1.frm - Not a Btrieve file
2026-02-07 11:07:31,004 - File: /Users/marchon/ld/LD21.DAT.original - Not a Btrieve file
2026-02-07 11:07:31,004 - File: /Users/marchon/ld/st2.frm - Not a Btrieve file
2026-02-07 11:07:31,004 - File: /Users/marchon/ld/LD07.DAT - Not a Btrieve file
2026-02-07 11:07:31,004 - File: /Users/marchon/ld/LD13.DAT - Not a Btrieve file
2026-02-07 11:07:31,004 - File: /Users/marchon/ld/LD12.DAT - Not a Btrieve file
2026-02-07 11:07:31,004 - File: /Users/marchon/ld/LD06.DAT - Not a Btrieve file
2026-02-07 11:07:31,004 - File: /Users/marchon/ld/Field.ddf - Not a Btrieve file
2026-02-07 11:07:31,004 - File: /Users/marchon/ld/lbl.frm - Not a Btrieve file
2026-02-07 11:07:31,004 - File: /Users/marchon/ld/LD05.DAT.original - Not a Btrieve file
2026-02-07 11:07:31,004 - File: /Users/marchon/ld/done.msg - Not a Btrieve file
2026-02-07 11:07:31,004 - File: /Users/marchon/ld/LD02.DAT.original - Not a Btrieve file
2026-02-07 11:07:31,004 - File: /Users/marchon/ld/st1.frm - Not a Btrieve file
2026-02-07 11:07:31,004 - File: /Users/marchon/ld/LD-09.DAT - Not a Btrieve file
2026-02-07 11:07:31,004 - File: /Users/marchon/ld/LD38.DAT - Not a Btrieve file
2026-02-07 11:07:31,004 - File: /Users/marchon/ld/LD04.DAT - Not a Btrieve file
2026-02-07 11:07:31,004 - File: /Users/marchon/ld/LD05.DAT - Not a Btrieve file
2026-02-07 11:07:31,004 - File: /Users/marchon/ld/LD11.DAT - Not a Btrieve file
2026-02-07 11:07:31,004 - File: /Users/marchon/ld/another-thought.py - Not a Btrieve file
2026-02-07 11:07:31,004 - File: /Users/marchon/ld/LD-08.DAT - Not a Btrieve file
2026-02-07 11:07:31,005 - File: /Users/marchon/ld/File.ddf.txt - Not a Btrieve file
2026-02-07 11:07:31,005 - File: /Users/marchon/ld/fixit-2.py - Not a Btrieve file
2026-02-07 11:07:31,005 - File: /Users/marchon/ld/nar.frm - Not a Btrieve file
2026-02-07 11:07:31,005 - File: /Users/marchon/ld/tt.cpp - Not a Btrieve file
2026-02-07 11:07:31,005 - File: /Users/marchon/ld/LD15.DAT - Not a Btrieve file
2026-02-07 11:07:31,005 - File: /Users/marchon/ld/LD01.DAT - Not a Btrieve file
2026-02-07 11:07:31,005 - File: /Users/marchon/ld/rapsta.frm - Not a Btrieve file
2026-02-07 11:07:31,005 - File: /Users/marchon/ld/ld29.dat - Not a Btrieve file
2026-02-07 11:07:31,005 - File: /Users/marchon/ld/LD00.DAT - Not a Btrieve file
2026-02-07 11:07:31,005 - File: /Users/marchon/ld/LD14.DAT - Not a Btrieve file
2026-02-07 11:07:31,005 - File: /Users/marchon/ld/File.ddf - Not a Btrieve file
2026-02-07 11:07:31,005 - File: /Users/marchon/ld/LD16.DAT.original - Not a Btrieve file
2026-02-07 11:07:31,005 - File: /Users/marchon/ld/APPT.frm - Not a Btrieve file
2026-02-07 11:07:31,005 - File: /Users/marchon/ld/sta.frm - Not a Btrieve file
2026-02-07 11:07:31,005 - File: /Users/marchon/ld/LD02.DAT - Not a Btrieve file
2026-02-07 11:07:31,005 - File: /Users/marchon/ld/LD16.DAT - Not a Btrieve file
2026-02-07 11:07:31,005 - File: /Users/marchon/ld/LD17.DAT - Not a Btrieve file
2026-02-07 11:07:31,005 - File: /Users/marchon/ld/LD03.DAT - Not a Btrieve file
2026-02-07 11:07:31,005 - File: /Users/marchon/ld/LD03.DAT.original - Not a Btrieve file
2026-02-07 11:07:31,005 - File: /Users/marchon/ld/LD04.DAT.original - Not a Btrieve file
2026-02-07 11:07:31,005 - File: /Users/marchon/ld/LM-COM.DAT - Not a Btrieve file
2026-02-07 11:07:31,005 - File: /Users/marchon/ld/original/LD03.DAT.original.txt - Not a Btrieve file
2026-02-07 11:07:31,005 - File: /Users/marchon/ld/original/LD08.DAT.original.txt - Not a Btrieve file
2026-02-07 11:07:31,005 - File: /Users/marchon/ld/original/btr.zip - Not a Btrieve file
2026-02-07 11:07:31,005 - File: /Users/marchon/ld/original/LD23.DAT.original.txt - Not a Btrieve file
2026-02-07 11:07:31,005 - File: /Users/marchon/ld/original/LD02.DAT.original.txt - Not a Btrieve file
2026-02-07 11:07:31,005 - File: /Users/marchon/ld/original/LD16.DAT.original.txt - Not a Btrieve file
2026-02-07 11:07:31,005 - File: /Users/marchon/ld/original/LD09.DAT.original.txt - Not a Btrieve file
2026-02-07 11:07:31,005 - File: /Users/marchon/ld/original/LD12.DAT.original.txt - Not a Btrieve file
2026-02-07 11:07:31,005 - File: /Users/marchon/ld/original/LD06.DAT.original.txt - Not a Btrieve file
2026-02-07 11:07:31,005 - File: /Users/marchon/ld/original/LD19.DAT.original.txt - Not a Btrieve file
2026-02-07 11:07:31,006 - File: /Users/marchon/ld/original/LD15.DAT.original.txt - Not a Btrieve file
2026-02-07 11:07:31,006 - File: /Users/marchon/ld/original/LD01.DAT.original.txt - Not a Btrieve file
2026-02-07 11:07:31,006 - File: /Users/marchon/ld/original/LD05.DAT.original.txt - Not a Btrieve file
2026-02-07 11:07:31,006 - File: /Users/marchon/ld/original/Field.ddf.original.txt - Not a Btrieve file
2026-02-07 11:07:31,006 - File: /Users/marchon/ld/original/chart.dat.original.txt - Not a Btrieve file
2026-02-07 11:07:31,006 - File: /Users/marchon/ld/original/LD14.DAT.original.txt - Not a Btrieve file
2026-02-07 11:07:31,006 - File: /Users/marchon/ld/original/LD00.DAT.original.txt - Not a Btrieve file
2026-02-07 11:07:31,006 - File: /Users/marchon/ld/original/LD21.DAT.original.txt - Not a Btrieve file
2026-02-07 11:07:31,006 - File: /Users/marchon/ld/original/LD04.DAT.original.txt - Not a Btrieve file
2026-02-07 11:07:31,006 - File: /Users/marchon/ld/original/fix/part1.py - Not a Btrieve file
2026-02-07 11:07:31,006 - File: /Users/marchon/ld/original/fix/part5.py - Not a Btrieve file
2026-02-07 11:07:31,006 - File: /Users/marchon/ld/original/fix/part4.py - Not a Btrieve file
2026-02-07 11:07:31,006 - File: /Users/marchon/ld/original/fix/Ledger_FirstSet_FullyRepaired_And_Exported.zip - Not a Btrieve file
2026-02-07 11:07:31,006 - File: /Users/marchon/ld/original/fix/part3.py - Not a Btrieve file
2026-02-07 11:07:31,006 - File: /Users/marchon/ld/original/fix/part2.py - Not a Btrieve file
2026-02-07 11:07:31,006 - File: /Users/marchon/ld/btrieve-repair/Makefile - Not a Btrieve file
2026-02-07 11:07:31,006 - File: /Users/marchon/ld/btrieve-repair/README.MD - Not a Btrieve file
2026-02-07 11:07:31,006 - File: /Users/marchon/ld/btrieve-repair/btrmaster.c - Not a Btrieve file
2026-02-07 11:07:31,006 - File: /Users/marchon/ld/btrieve-repair/.git/config - Not a Btrieve file
2026-02-07 11:07:31,006 - File: /Users/marchon/ld/btrieve-repair/.git/HEAD - Not a Btrieve file
2026-02-07 11:07:31,006 - File: /Users/marchon/ld/btrieve-repair/.git/description - Not a Btrieve file
2026-02-07 11:07:31,006 - File: /Users/marchon/ld/btrieve-repair/.git/index - Not a Btrieve file
2026-02-07 11:07:31,006 - File: /Users/marchon/ld/btrieve-repair/.git/COMMIT_EDITMSG - Not a Btrieve file
2026-02-07 11:07:31,006 - File: /Users/marchon/ld/btrieve-repair/.git/objects/3e/59131af40d8270cbeaf0d92512fc3811de2f27 - Not a Btrieve file
2026-02-07 11:07:31,006 - File: /Users/marchon/ld/btrieve-repair/.git/objects/e4/c08e14feb95e61b962880a009c6456d8c7ee8d - Not a Btrieve file
2026-02-07 11:07:31,006 - File: /Users/marchon/ld/btrieve-repair/.git/objects/2a/e7515c521aa9a068b7b0e561ec67ca3c314621 - Not a Btrieve file
2026-02-07 11:07:31,007 - File: /Users/marchon/ld/btrieve-repair/.git/info/exclude - Not a Btrieve file
2026-02-07 11:07:31,007 - File: /Users/marchon/ld/btrieve-repair/.git/logs/HEAD - Not a Btrieve file
2026-02-07 11:07:31,007 - File: /Users/marchon/ld/btrieve-repair/.git/logs/refs/heads/main - Not a Btrieve file
2026-02-07 11:07:31,007 - File: /Users/marchon/ld/btrieve-repair/.git/hooks/commit-msg.sample - Not a Btrieve file
2026-02-07 11:07:31,007 - File: /Users/marchon/ld/btrieve-repair/.git/hooks/pre-rebase.sample - Not a Btrieve file
2026-02-07 11:07:31,007 - File: /Users/marchon/ld/btrieve-repair/.git/hooks/sendemail-validate.sample - Not a Btrieve file
2026-02-07 11:07:31,007 - File: /Users/marchon/ld/btrieve-repair/.git/hooks/pre-commit.sample - Not a Btrieve file
2026-02-07 11:07:31,007 - File: /Users/marchon/ld/btrieve-repair/.git/hooks/applypatch-msg.sample - Not a Btrieve file
2026-02-07 11:07:31,007 - File: /Users/marchon/ld/btrieve-repair/.git/hooks/fsmonitor-watchman.sample - Not a Btrieve file
2026-02-07 11:07:31,007 - File: /Users/marchon/ld/btrieve-repair/.git/hooks/pre-receive.sample - Not a Btrieve file
2026-02-07 11:07:31,007 - File: /Users/marchon/ld/btrieve-repair/.git/hooks/prepare-commit-msg.sample - Not a Btrieve file
2026-02-07 11:07:31,007 - File: /Users/marchon/ld/btrieve-repair/.git/hooks/post-update.sample - Not a Btrieve file
2026-02-07 11:07:31,007 - File: /Users/marchon/ld/btrieve-repair/.git/hooks/pre-merge-commit.sample - Not a Btrieve file
2026-02-07 11:07:31,007 - File: /Users/marchon/ld/btrieve-repair/.git/hooks/pre-applypatch.sample - Not a Btrieve file
2026-02-07 11:07:31,007 - File: /Users/marchon/ld/btrieve-repair/.git/hooks/pre-push.sample - Not a Btrieve file
2026-02-07 11:07:31,007 - File: /Users/marchon/ld/btrieve-repair/.git/hooks/update.sample - Not a Btrieve file
2026-02-07 11:07:31,007 - File: /Users/marchon/ld/btrieve-repair/.git/hooks/push-to-checkout.sample - Not a Btrieve file
2026-02-07 11:07:31,007 - File: /Users/marchon/ld/btrieve-repair/.git/refs/heads/main - Not a Btrieve file
2026-02-07 11:07:41,147 - Scanning directory: /Users/marchon/ld/
2026-02-07 11:07:41,147 - ==================================================
2026-02-07 11:07:41,147 - File: /Users/marchon/ld/rapidc.frm - Not a Btrieve file
2026-02-07 11:07:41,147 - File: /Users/marchon/ld/file.txt - Not a Btrieve file
2026-02-07 11:07:41,147 - File: /Users/marchon/ld/LD-03.DAT - Not a Btrieve file
2026-02-07 11:07:41,147 - File: /Users/marchon/ld/LD32.DAT - Not a Btrieve file
2026-02-07 11:07:41,147 - File: /Users/marchon/ld/LD33.DAT - Not a Btrieve file
2026-02-07 11:07:41,147 - File: /Users/marchon/ld/LD-16.DAT - Not a Btrieve file
2026-02-07 11:07:41,147 - File: /Users/marchon/ld/LD-02.DAT - Not a Btrieve file
2026-02-07 11:07:41,147 - File: /Users/marchon/ld/ST2.RPT - Not a Btrieve file
2026-02-07 11:07:41,147 - File: /Users/marchon/ld/LYT-INST.DAT - Not a Btrieve file
2026-02-07 11:07:41,147 - File: /Users/marchon/ld/LD14.DAT.original - Not a Btrieve file
2026-02-07 11:07:41,147 - File: /Users/marchon/ld/LD-14.DAT - Not a Btrieve file
2026-02-07 11:07:41,147 - File: /Users/marchon/ld/LD-00.DAT - Not a Btrieve file
2026-02-07 11:07:41,147 - File: /Users/marchon/ld/LD19.DAT - Not a Btrieve file
2026-02-07 11:07:41,147 - File: /Users/marchon/ld/LD31.DAT - Not a Btrieve file
2026-02-07 11:07:41,147 - File: /Users/marchon/ld/POST.DAT - Not a Btrieve file
2026-02-07 11:07:41,147 - File: /Users/marchon/ld/LD-01.DAT - Not a Btrieve file
2026-02-07 11:07:41,148 - File: /Users/marchon/ld/LD-15.DAT - Not a Btrieve file
2026-02-07 11:07:41,148 - File: /Users/marchon/ld/ST1.RPT - Not a Btrieve file
2026-02-07 11:07:41,148 - File: /Users/marchon/ld/LD06.DAT.original - Not a Btrieve file
2026-02-07 11:07:41,148 - File: /Users/marchon/ld/lhcfa.frm - Not a Btrieve file
2026-02-07 11:07:41,148 - File: /Users/marchon/ld/LD01.DAT.original - Not a Btrieve file
2026-02-07 11:07:41,148 - File: /Users/marchon/ld/prein94.frm - Not a Btrieve file
2026-02-07 11:07:41,148 - File: /Users/marchon/ld/Field.txt - Not a Btrieve file
2026-02-07 11:07:41,148 - File: /Users/marchon/ld/fixit.py - Not a Btrieve file
2026-02-07 11:07:41,148 - File: /Users/marchon/ld/hcfa.frm - Not a Btrieve file
2026-02-07 11:07:41,148 - File: /Users/marchon/ld/LD23.DAT.original - Not a Btrieve file
2026-02-07 11:07:41,148 - File: /Users/marchon/ld/.DS_Store - Not a Btrieve file
2026-02-07 11:07:41,148 - File: /Users/marchon/ld/LD-11.DAT - Not a Btrieve file
2026-02-07 11:07:41,148 - File: /Users/marchon/ld/LD-05.DAT - Not a Btrieve file
2026-02-07 11:07:41,148 - File: /Users/marchon/ld/LD34.DAT - Not a Btrieve file
2026-02-07 11:07:41,148 - File: /Users/marchon/ld/LD20.DAT - Not a Btrieve file
2026-02-07 11:07:41,148 - File: /Users/marchon/ld/LD08.DAT - Not a Btrieve file
2026-02-07 11:07:41,148 - File: /Users/marchon/ld/LD09.DAT - Not a Btrieve file
2026-02-07 11:07:41,148 - File: /Users/marchon/ld/LD21.DAT - Not a Btrieve file
2026-02-07 11:07:41,148 - File: /Users/marchon/ld/LD35.DAT - Not a Btrieve file
2026-02-07 11:07:41,148 - File: /Users/marchon/ld/LD-04.DAT - Not a Btrieve file
2026-02-07 11:07:41,148 - File: /Users/marchon/ld/LD-10.DAT - Not a Btrieve file
2026-02-07 11:07:41,148 - File: /Users/marchon/ld/ds95.frm - Not a Btrieve file
2026-02-07 11:07:41,148 - File: /Users/marchon/ld/rec.frm - Not a Btrieve file
2026-02-07 11:07:41,148 - File: /Users/marchon/ld/LD00.DAT.original - Not a Btrieve file
2026-02-07 11:07:41,148 - File: /Users/marchon/ld/LD-12.DAT - Not a Btrieve file
2026-02-07 11:07:41,148 - File: /Users/marchon/ld/LD23.DAT - Not a Btrieve file
2026-02-07 11:07:41,148 - File: /Users/marchon/ld/LD37.DAT - Btrieve file, but no DDF entry found
2026-02-07 11:07:41,148 - File: /Users/marchon/ld/LD36.DAT - Not a Btrieve file
2026-02-07 11:07:41,148 - File: /Users/marchon/ld/LD22.DAT - Not a Btrieve file
2026-02-07 11:07:41,148 - File: /Users/marchon/ld/LD-13.DAT - Not a Btrieve file
2026-02-07 11:07:41,149 - File: /Users/marchon/ld/LD-07.DAT - Not a Btrieve file
2026-02-07 11:07:41,149 - File: /Users/marchon/ld/STA.RPT - Not a Btrieve file
2026-02-07 11:07:41,149 - File: /Users/marchon/ld/BLS.frm - Not a Btrieve file
2026-02-07 11:07:41,149 - File: /Users/marchon/ld/LD12.DAT.original - Not a Btrieve file
2026-02-07 11:07:41,149 - File: /Users/marchon/ld/LD15.DAT.original - Not a Btrieve file
2026-02-07 11:07:41,149 - File: /Users/marchon/ld/ROS.frm - Not a Btrieve file
2026-02-07 11:07:41,149 - File: /Users/marchon/ld/chart.dat - Not a Btrieve file
2026-02-07 11:07:41,149 - File: /Users/marchon/ld/ld08.txt - Not a Btrieve file
2026-02-07 11:07:41,149 - File: /Users/marchon/ld/AALSI.frm - Not a Btrieve file
2026-02-07 11:07:41,149 - File: /Users/marchon/ld/LM39.DAT - Not a Btrieve file
2026-02-07 11:07:41,149 - File: /Users/marchon/ld/pstcrd.frm - Not a Btrieve file
2026-02-07 11:07:41,149 - File: /Users/marchon/ld/rapsta1.frm - Not a Btrieve file
2026-02-07 11:07:41,149 - File: /Users/marchon/ld/Field.ddf.txt - Not a Btrieve file
2026-02-07 11:07:41,149 - File: /Users/marchon/ld/LD-SYS.DAT - Not a Btrieve file
2026-02-07 11:07:41,149 - File: /Users/marchon/ld/chart.dat.original - Not a Btrieve file
2026-02-07 11:07:41,149 - File: /Users/marchon/ld/pc.frm - Not a Btrieve file
2026-02-07 11:07:41,149 - File: /Users/marchon/ld/Index.txt - Not a Btrieve file
2026-02-07 11:07:41,149 - File: /Users/marchon/ld/bdy.frm - Not a Btrieve file
2026-02-07 11:07:41,149 - File: /Users/marchon/ld/LD19.DAT.original - Not a Btrieve file
2026-02-07 11:07:41,149 - File: /Users/marchon/ld/in1.frm - Not a Btrieve file
2026-02-07 11:07:41,149 - File: /Users/marchon/ld/lsi.frm - Not a Btrieve file
2026-02-07 11:07:41,149 - File: /Users/marchon/ld/in2.frm - Not a Btrieve file
2026-02-07 11:07:41,149 - File: /Users/marchon/ld/ins.frm - Not a Btrieve file
2026-02-07 11:07:41,149 - File: /Users/marchon/ld/LREC.frm - Not a Btrieve file
2026-02-07 11:07:41,149 - File: /Users/marchon/ld/raplss.frm - Not a Btrieve file
2026-02-07 11:07:41,149 - File: /Users/marchon/ld/LD09.DAT.original - Not a Btrieve file
2026-02-07 11:07:41,149 - File: /Users/marchon/ld/AALSI-2.frm - Not a Btrieve file
2026-02-07 11:07:41,149 - File: /Users/marchon/ld/Index.ddf - Not a Btrieve file
2026-02-07 11:07:41,149 - File: /Users/marchon/ld/RAPID.frm - Not a Btrieve file
2026-02-07 11:07:41,149 - File: /Users/marchon/ld/lss.frm - Not a Btrieve file
2026-02-07 11:07:41,150 - File: /Users/marchon/ld/in95.frm - Not a Btrieve file
2026-02-07 11:07:41,150 - File: /Users/marchon/ld/BtrFileSaver - Not a Btrieve file
2026-02-07 11:07:41,150 - File: /Users/marchon/ld/in94.frm - Not a Btrieve file
2026-02-07 11:07:41,150 - File: /Users/marchon/ld/fix.py - Not a Btrieve file
2026-02-07 11:07:41,150 - File: /Users/marchon/ld/LD08.DAT.original - Not a Btrieve file
2026-02-07 11:07:41,150 - File: /Users/marchon/ld/ld06.txt - Not a Btrieve file
2026-02-07 11:07:41,150 - File: /Users/marchon/ld/btr.py - Not a Btrieve file
2026-02-07 11:07:41,150 - File: /Users/marchon/ld/ec2.frm - Not a Btrieve file
2026-02-07 11:07:41,150 - File: /Users/marchon/ld/ec1.frm - Not a Btrieve file
2026-02-07 11:07:41,150 - File: /Users/marchon/ld/LD21.DAT.original - Not a Btrieve file
2026-02-07 11:07:41,150 - File: /Users/marchon/ld/st2.frm - Not a Btrieve file
2026-02-07 11:07:41,150 - File: /Users/marchon/ld/LD07.DAT - Not a Btrieve file
2026-02-07 11:07:41,150 - File: /Users/marchon/ld/LD13.DAT - Not a Btrieve file
2026-02-07 11:07:41,150 - File: /Users/marchon/ld/LD12.DAT - Not a Btrieve file
2026-02-07 11:07:41,150 - File: /Users/marchon/ld/LD06.DAT - Not a Btrieve file
2026-02-07 11:07:41,150 - File: /Users/marchon/ld/Field.ddf - Not a Btrieve file
2026-02-07 11:07:41,150 - File: /Users/marchon/ld/lbl.frm - Not a Btrieve file
2026-02-07 11:07:41,150 - File: /Users/marchon/ld/LD05.DAT.original - Not a Btrieve file
2026-02-07 11:07:41,150 - File: /Users/marchon/ld/done.msg - Not a Btrieve file
2026-02-07 11:07:41,150 - File: /Users/marchon/ld/LD02.DAT.original - Not a Btrieve file
2026-02-07 11:07:41,150 - File: /Users/marchon/ld/st1.frm - Not a Btrieve file
2026-02-07 11:07:41,150 - File: /Users/marchon/ld/LD-09.DAT - Not a Btrieve file
2026-02-07 11:07:41,150 - File: /Users/marchon/ld/LD38.DAT - Not a Btrieve file
2026-02-07 11:07:41,150 - File: /Users/marchon/ld/LD04.DAT - Not a Btrieve file
2026-02-07 11:07:41,150 - File: /Users/marchon/ld/LD05.DAT - Not a Btrieve file
2026-02-07 11:07:41,150 - File: /Users/marchon/ld/LD11.DAT - Not a Btrieve file
2026-02-07 11:07:41,150 - File: /Users/marchon/ld/another-thought.py - Not a Btrieve file
2026-02-07 11:07:41,150 - File: /Users/marchon/ld/LD-08.DAT - Not a Btrieve file
2026-02-07 11:07:41,150 - File: /Users/marchon/ld/File.ddf.txt - Not a Btrieve file
2026-02-07 11:07:41,150 - File: /Users/marchon/ld/fixit-2.py - Not a Btrieve file
2026-02-07 11:07:41,150 - File: /Users/marchon/ld/nar.frm - Not a Btrieve file
2026-02-07 11:07:41,151 - File: /Users/marchon/ld/tt.cpp - Not a Btrieve file
2026-02-07 11:07:41,151 - File: /Users/marchon/ld/LD15.DAT - Not a Btrieve file
2026-02-07 11:07:41,151 - File: /Users/marchon/ld/LD01.DAT - Not a Btrieve file
2026-02-07 11:07:41,151 - File: /Users/marchon/ld/rapsta.frm - Not a Btrieve file
2026-02-07 11:07:41,151 - File: /Users/marchon/ld/ld29.dat - Not a Btrieve file
2026-02-07 11:07:41,151 - File: /Users/marchon/ld/LD00.DAT - Not a Btrieve file
2026-02-07 11:07:41,151 - File: /Users/marchon/ld/LD14.DAT - Not a Btrieve file
2026-02-07 11:07:41,151 - File: /Users/marchon/ld/File.ddf - Not a Btrieve file
2026-02-07 11:07:41,151 - File: /Users/marchon/ld/LD16.DAT.original - Not a Btrieve file
2026-02-07 11:07:41,151 - File: /Users/marchon/ld/APPT.frm - Not a Btrieve file
2026-02-07 11:07:41,151 - File: /Users/marchon/ld/sta.frm - Not a Btrieve file
2026-02-07 11:07:41,151 - File: /Users/marchon/ld/LD02.DAT - Not a Btrieve file
2026-02-07 11:07:41,151 - File: /Users/marchon/ld/LD16.DAT - Not a Btrieve file
2026-02-07 11:07:41,151 - File: /Users/marchon/ld/LD17.DAT - Not a Btrieve file
2026-02-07 11:07:41,151 - File: /Users/marchon/ld/LD03.DAT - Not a Btrieve file
2026-02-07 11:07:41,151 - File: /Users/marchon/ld/LD03.DAT.original - Not a Btrieve file
2026-02-07 11:07:41,151 - File: /Users/marchon/ld/LD04.DAT.original - Not a Btrieve file
2026-02-07 11:07:41,151 - File: /Users/marchon/ld/LM-COM.DAT - Not a Btrieve file
2026-02-07 11:07:41,151 - File: /Users/marchon/ld/original/LD03.DAT.original.txt - Not a Btrieve file
2026-02-07 11:07:41,151 - File: /Users/marchon/ld/original/LD08.DAT.original.txt - Not a Btrieve file
2026-02-07 11:07:41,151 - File: /Users/marchon/ld/original/btr.zip - Not a Btrieve file
2026-02-07 11:07:41,151 - File: /Users/marchon/ld/original/LD23.DAT.original.txt - Not a Btrieve file
2026-02-07 11:07:41,151 - File: /Users/marchon/ld/original/LD02.DAT.original.txt - Not a Btrieve file
2026-02-07 11:07:41,151 - File: /Users/marchon/ld/original/LD16.DAT.original.txt - Not a Btrieve file
2026-02-07 11:07:41,151 - File: /Users/marchon/ld/original/LD09.DAT.original.txt - Not a Btrieve file
2026-02-07 11:07:41,151 - File: /Users/marchon/ld/original/LD12.DAT.original.txt - Not a Btrieve file
2026-02-07 11:07:41,151 - File: /Users/marchon/ld/original/LD06.DAT.original.txt - Not a Btrieve file
2026-02-07 11:07:41,151 - File: /Users/marchon/ld/original/LD19.DAT.original.txt - Not a Btrieve file
2026-02-07 11:07:41,151 - File: /Users/marchon/ld/original/LD15.DAT.original.txt - Not a Btrieve file
2026-02-07 11:07:41,152 - File: /Users/marchon/ld/original/LD01.DAT.original.txt - Not a Btrieve file
2026-02-07 11:07:41,152 - File: /Users/marchon/ld/original/LD05.DAT.original.txt - Not a Btrieve file
2026-02-07 11:07:41,152 - File: /Users/marchon/ld/original/Field.ddf.original.txt - Not a Btrieve file
2026-02-07 11:07:41,152 - File: /Users/marchon/ld/original/chart.dat.original.txt - Not a Btrieve file
2026-02-07 11:07:41,152 - File: /Users/marchon/ld/original/LD14.DAT.original.txt - Not a Btrieve file
2026-02-07 11:07:41,152 - File: /Users/marchon/ld/original/LD00.DAT.original.txt - Not a Btrieve file
2026-02-07 11:07:41,152 - File: /Users/marchon/ld/original/LD21.DAT.original.txt - Not a Btrieve file
2026-02-07 11:07:41,152 - File: /Users/marchon/ld/original/LD04.DAT.original.txt - Not a Btrieve file
2026-02-07 11:07:41,152 - File: /Users/marchon/ld/original/fix/part1.py - Not a Btrieve file
2026-02-07 11:07:41,152 - File: /Users/marchon/ld/original/fix/part5.py - Not a Btrieve file
2026-02-07 11:07:41,152 - File: /Users/marchon/ld/original/fix/part4.py - Not a Btrieve file
2026-02-07 11:07:41,152 - File: /Users/marchon/ld/original/fix/Ledger_FirstSet_FullyRepaired_And_Exported.zip - Not a Btrieve file
2026-02-07 11:07:41,152 - File: /Users/marchon/ld/original/fix/part3.py - Not a Btrieve file
2026-02-07 11:07:41,152 - File: /Users/marchon/ld/original/fix/part2.py - Not a Btrieve file
2026-02-07 11:07:41,152 - File: /Users/marchon/ld/btrieve-repair/Makefile - Not a Btrieve file
2026-02-07 11:07:41,152 - File: /Users/marchon/ld/btrieve-repair/README.MD - Not a Btrieve file
2026-02-07 11:07:41,152 - File: /Users/marchon/ld/btrieve-repair/btrmaster.c - Not a Btrieve file
2026-02-07 11:07:41,152 - File: /Users/marchon/ld/btrieve-repair/.git/config - Not a Btrieve file
2026-02-07 11:07:41,152 - File: /Users/marchon/ld/btrieve-repair/.git/HEAD - Not a Btrieve file
2026-02-07 11:07:41,152 - File: /Users/marchon/ld/btrieve-repair/.git/description - Not a Btrieve file
2026-02-07 11:07:41,152 - File: /Users/marchon/ld/btrieve-repair/.git/index - Not a Btrieve file
2026-02-07 11:07:41,152 - File: /Users/marchon/ld/btrieve-repair/.git/COMMIT_EDITMSG - Not a Btrieve file
2026-02-07 11:07:41,152 - File: /Users/marchon/ld/btrieve-repair/.git/objects/3e/59131af40d8270cbeaf0d92512fc3811de2f27 - Not a Btrieve file
2026-02-07 11:07:41,152 - File: /Users/marchon/ld/btrieve-repair/.git/objects/e4/c08e14feb95e61b962880a009c6456d8c7ee8d - Not a Btrieve file
2026-02-07 11:07:41,153 - File: /Users/marchon/ld/btrieve-repair/.git/objects/2a/e7515c521aa9a068b7b0e561ec67ca3c314621 - Not a Btrieve file
2026-02-07 11:07:41,153 - File: /Users/marchon/ld/btrieve-repair/.git/info/exclude - Not a Btrieve file
2026-02-07 11:07:41,153 - File: /Users/marchon/ld/btrieve-repair/.git/logs/HEAD - Not a Btrieve file
2026-02-07 11:07:41,153 - File: /Users/marchon/ld/btrieve-repair/.git/logs/refs/heads/main - Not a Btrieve file
2026-02-07 11:07:41,153 - File: /Users/marchon/ld/btrieve-repair/.git/hooks/commit-msg.sample - Not a Btrieve file
2026-02-07 11:07:41,153 - File: /Users/marchon/ld/btrieve-repair/.git/hooks/pre-rebase.sample - Not a Btrieve file
2026-02-07 11:07:41,153 - File: /Users/marchon/ld/btrieve-repair/.git/hooks/sendemail-validate.sample - Not a Btrieve file
2026-02-07 11:07:41,153 - File: /Users/marchon/ld/btrieve-repair/.git/hooks/pre-commit.sample - Not a Btrieve file
2026-02-07 11:07:41,153 - File: /Users/marchon/ld/btrieve-repair/.git/hooks/applypatch-msg.sample - Not a Btrieve file
2026-02-07 11:07:41,153 - File: /Users/marchon/ld/btrieve-repair/.git/hooks/fsmonitor-watchman.sample - Not a Btrieve file
2026-02-07 11:07:41,153 - File: /Users/marchon/ld/btrieve-repair/.git/hooks/pre-receive.sample - Not a Btrieve file
2026-02-07 11:07:41,153 - File: /Users/marchon/ld/btrieve-repair/.git/hooks/prepare-commit-msg.sample - Not a Btrieve file
2026-02-07 11:07:41,153 - File: /Users/marchon/ld/btrieve-repair/.git/hooks/post-update.sample - Not a Btrieve file
2026-02-07 11:07:41,153 - File: /Users/marchon/ld/btrieve-repair/.git/hooks/pre-merge-commit.sample - Not a Btrieve file
2026-02-07 11:07:41,153 - File: /Users/marchon/ld/btrieve-repair/.git/hooks/pre-applypatch.sample - Not a Btrieve file
2026-02-07 11:07:41,153 - File: /Users/marchon/ld/btrieve-repair/.git/hooks/pre-push.sample - Not a Btrieve file
2026-02-07 11:07:41,153 - File: /Users/marchon/ld/btrieve-repair/.git/hooks/update.sample - Not a Btrieve file
2026-02-07 11:07:41,153 - File: /Users/marchon/ld/btrieve-repair/.git/hooks/push-to-checkout.sample - Not a Btrieve file
2026-02-07 11:07:41,153 - File: /Users/marchon/ld/btrieve-repair/.git/refs/heads/main - Not a Btrieve file
2026-02-07 11:07:47,415 - Scanning directory: /Users/marchon/ld/
2026-02-07 11:07:47,415 - ==================================================
2026-02-07 11:07:47,415 - File: /Users/marchon/ld/rapidc.frm - Not a Btrieve file
2026-02-07 11:07:47,415 - File: /Users/marchon/ld/file.txt - Not a Btrieve file
2026-02-07 11:07:47,415 - File: /Users/marchon/ld/LD-03.DAT - Not a Btrieve file
2026-02-07 11:07:47,415 - File: /Users/marchon/ld/LD32.DAT - Not a Btrieve file
2026-02-07 11:07:47,415 - File: /Users/marchon/ld/LD33.DAT - Not a Btrieve file
2026-02-07 11:07:47,415 - File: /Users/marchon/ld/LD-16.DAT - Not a Btrieve file
2026-02-07 11:07:47,415 - File: /Users/marchon/ld/LD-02.DAT - Not a Btrieve file
2026-02-07 11:07:47,415 - File: /Users/marchon/ld/ST2.RPT - Not a Btrieve file
2026-02-07 11:07:47,415 - File: /Users/marchon/ld/LYT-INST.DAT - Not a Btrieve file
2026-02-07 11:07:47,415 - File: /Users/marchon/ld/LD14.DAT.original - Not a Btrieve file
2026-02-07 11:07:47,415 - File: /Users/marchon/ld/LD-14.DAT - Not a Btrieve file
2026-02-07 11:07:47,416 - File: /Users/marchon/ld/LD-00.DAT - Not a Btrieve file
2026-02-07 11:07:47,416 - File: /Users/marchon/ld/LD19.DAT - Not a Btrieve file
2026-02-07 11:07:47,416 - File: /Users/marchon/ld/LD31.DAT - Not a Btrieve file
2026-02-07 11:07:47,416 - File: /Users/marchon/ld/POST.DAT - Not a Btrieve file
2026-02-07 11:07:47,416 - File: /Users/marchon/ld/LD-01.DAT - Not a Btrieve file
2026-02-07 11:07:47,416 - File: /Users/marchon/ld/LD-15.DAT - Not a Btrieve file
2026-02-07 11:07:47,416 - File: /Users/marchon/ld/ST1.RPT - Not a Btrieve file
2026-02-07 11:07:47,416 - File: /Users/marchon/ld/LD06.DAT.original - Not a Btrieve file
2026-02-07 11:07:47,416 - File: /Users/marchon/ld/lhcfa.frm - Not a Btrieve file
2026-02-07 11:07:47,416 - File: /Users/marchon/ld/LD01.DAT.original - Not a Btrieve file
2026-02-07 11:07:47,416 - File: /Users/marchon/ld/prein94.frm - Not a Btrieve file
2026-02-07 11:07:47,416 - File: /Users/marchon/ld/Field.txt - Not a Btrieve file
2026-02-07 11:07:47,416 - File: /Users/marchon/ld/fixit.py - Not a Btrieve file
2026-02-07 11:07:47,416 - File: /Users/marchon/ld/hcfa.frm - Not a Btrieve file
2026-02-07 11:07:47,416 - File: /Users/marchon/ld/LD23.DAT.original - Not a Btrieve file
2026-02-07 11:07:47,416 - File: /Users/marchon/ld/.DS_Store - Not a Btrieve file
2026-02-07 11:07:47,416 - File: /Users/marchon/ld/LD-11.DAT - Not a Btrieve file
2026-02-07 11:07:47,416 - File: /Users/marchon/ld/LD-05.DAT - Not a Btrieve file
2026-02-07 11:07:47,416 - File: /Users/marchon/ld/LD34.DAT - Not a Btrieve file
2026-02-07 11:07:47,416 - File: /Users/marchon/ld/LD20.DAT - Not a Btrieve file
2026-02-07 11:07:47,416 - File: /Users/marchon/ld/LD08.DAT - Not a Btrieve file
2026-02-07 11:07:47,416 - File: /Users/marchon/ld/LD09.DAT - Not a Btrieve file
2026-02-07 11:07:47,416 - File: /Users/marchon/ld/LD21.DAT - Not a Btrieve file
2026-02-07 11:07:47,416 - File: /Users/marchon/ld/LD35.DAT - Not a Btrieve file
2026-02-07 11:07:47,416 - File: /Users/marchon/ld/LD-04.DAT - Not a Btrieve file
2026-02-07 11:07:47,416 - File: /Users/marchon/ld/LD-10.DAT - Not a Btrieve file
2026-02-07 11:07:47,416 - File: /Users/marchon/ld/ds95.frm - Not a Btrieve file
2026-02-07 11:07:47,417 - File: /Users/marchon/ld/rec.frm - Not a Btrieve file
2026-02-07 11:07:47,417 - File: /Users/marchon/ld/LD00.DAT.original - Not a Btrieve file
2026-02-07 11:07:47,417 - File: /Users/marchon/ld/LD-12.DAT - Not a Btrieve file
2026-02-07 11:07:47,417 - File: /Users/marchon/ld/LD23.DAT - Not a Btrieve file
2026-02-07 11:07:47,417 - File: /Users/marchon/ld/LD37.DAT - Btrieve file, but no DDF entry found
2026-02-07 11:07:47,417 - File: /Users/marchon/ld/LD36.DAT - Not a Btrieve file
2026-02-07 11:07:47,417 - File: /Users/marchon/ld/LD22.DAT - Not a Btrieve file
2026-02-07 11:07:47,417 - File: /Users/marchon/ld/LD-13.DAT - Not a Btrieve file
2026-02-07 11:07:47,417 - File: /Users/marchon/ld/LD-07.DAT - Not a Btrieve file
2026-02-07 11:07:47,417 - File: /Users/marchon/ld/STA.RPT - Not a Btrieve file
2026-02-07 11:07:47,417 - File: /Users/marchon/ld/BLS.frm - Not a Btrieve file
2026-02-07 11:07:47,417 - File: /Users/marchon/ld/LD12.DAT.original - Not a Btrieve file
2026-02-07 11:07:47,417 - File: /Users/marchon/ld/LD15.DAT.original - Not a Btrieve file
2026-02-07 11:07:47,417 - File: /Users/marchon/ld/ROS.frm - Not a Btrieve file
2026-02-07 11:07:47,417 - File: /Users/marchon/ld/chart.dat - Not a Btrieve file
2026-02-07 11:07:47,417 - File: /Users/marchon/ld/ld08.txt - Not a Btrieve file
2026-02-07 11:07:47,417 - File: /Users/marchon/ld/AALSI.frm - Not a Btrieve file
2026-02-07 11:07:47,417 - File: /Users/marchon/ld/LM39.DAT - Not a Btrieve file
2026-02-07 11:07:47,417 - File: /Users/marchon/ld/pstcrd.frm - Not a Btrieve file
2026-02-07 11:07:47,417 - File: /Users/marchon/ld/rapsta1.frm - Not a Btrieve file
2026-02-07 11:07:47,417 - File: /Users/marchon/ld/Field.ddf.txt - Not a Btrieve file
2026-02-07 11:07:47,417 - File: /Users/marchon/ld/LD-SYS.DAT - Not a Btrieve file
2026-02-07 11:07:47,417 - File: /Users/marchon/ld/chart.dat.original - Not a Btrieve file
2026-02-07 11:07:47,417 - File: /Users/marchon/ld/pc.frm - Not a Btrieve file
2026-02-07 11:07:47,417 - File: /Users/marchon/ld/Index.txt - Not a Btrieve file
2026-02-07 11:07:47,417 - File: /Users/marchon/ld/bdy.frm - Not a Btrieve file
2026-02-07 11:07:47,418 - File: /Users/marchon/ld/LD19.DAT.original - Not a Btrieve file
2026-02-07 11:07:47,418 - File: /Users/marchon/ld/in1.frm - Not a Btrieve file
2026-02-07 11:07:47,418 - File: /Users/marchon/ld/lsi.frm - Not a Btrieve file
2026-02-07 11:07:47,418 - File: /Users/marchon/ld/in2.frm - Not a Btrieve file
2026-02-07 11:07:47,418 - File: /Users/marchon/ld/ins.frm - Not a Btrieve file
2026-02-07 11:07:47,418 - File: /Users/marchon/ld/LREC.frm - Not a Btrieve file
2026-02-07 11:07:47,418 - File: /Users/marchon/ld/raplss.frm - Not a Btrieve file
2026-02-07 11:07:47,418 - File: /Users/marchon/ld/LD09.DAT.original - Not a Btrieve file
2026-02-07 11:07:47,418 - File: /Users/marchon/ld/AALSI-2.frm - Not a Btrieve file
2026-02-07 11:07:47,418 - File: /Users/marchon/ld/Index.ddf - Not a Btrieve file
2026-02-07 11:07:47,418 - File: /Users/marchon/ld/RAPID.frm - Not a Btrieve file
2026-02-07 11:07:47,418 - File: /Users/marchon/ld/lss.frm - Not a Btrieve file
2026-02-07 11:07:47,418 - File: /Users/marchon/ld/in95.frm - Not a Btrieve file
2026-02-07 11:07:47,418 - File: /Users/marchon/ld/BtrFileSaver - Not a Btrieve file
2026-02-07 11:07:47,418 - File: /Users/marchon/ld/in94.frm - Not a Btrieve file
2026-02-07 11:07:47,418 - File: /Users/marchon/ld/fix.py - Not a Btrieve file
2026-02-07 11:07:47,418 - File: /Users/marchon/ld/LD08.DAT.original - Not a Btrieve file
2026-02-07 11:07:47,418 - File: /Users/marchon/ld/ld06.txt - Not a Btrieve file
2026-02-07 11:07:47,418 - File: /Users/marchon/ld/btr.py - Not a Btrieve file
2026-02-07 11:07:47,418 - File: /Users/marchon/ld/ec2.frm - Not a Btrieve file
2026-02-07 11:07:47,418 - File: /Users/marchon/ld/ec1.frm - Not a Btrieve file
2026-02-07 11:07:47,418 - File: /Users/marchon/ld/LD21.DAT.original - Not a Btrieve file
2026-02-07 11:07:47,418 - File: /Users/marchon/ld/st2.frm - Not a Btrieve file
2026-02-07 11:07:47,418 - File: /Users/marchon/ld/LD07.DAT - Not a Btrieve file
2026-02-07 11:07:47,418 - File: /Users/marchon/ld/LD13.DAT - Not a Btrieve file
2026-02-07 11:07:47,418 - File: /Users/marchon/ld/LD12.DAT - Not a Btrieve file
2026-02-07 11:07:47,418 - File: /Users/marchon/ld/LD06.DAT - Not a Btrieve file
2026-02-07 11:07:47,418 - File: /Users/marchon/ld/Field.ddf - Not a Btrieve file
2026-02-07 11:07:47,419 - File: /Users/marchon/ld/lbl.frm - Not a Btrieve file
2026-02-07 11:07:47,419 - File: /Users/marchon/ld/LD05.DAT.original - Not a Btrieve file
2026-02-07 11:07:47,419 - File: /Users/marchon/ld/done.msg - Not a Btrieve file
2026-02-07 11:07:47,419 - File: /Users/marchon/ld/LD02.DAT.original - Not a Btrieve file
2026-02-07 11:07:47,419 - File: /Users/marchon/ld/st1.frm - Not a Btrieve file
2026-02-07 11:07:47,419 - File: /Users/marchon/ld/LD-09.DAT - Not a Btrieve file
2026-02-07 11:07:47,419 - File: /Users/marchon/ld/LD38.DAT - Not a Btrieve file
2026-02-07 11:07:47,419 - File: /Users/marchon/ld/LD04.DAT - Not a Btrieve file
2026-02-07 11:07:47,419 - File: /Users/marchon/ld/LD05.DAT - Not a Btrieve file
2026-02-07 11:07:47,419 - File: /Users/marchon/ld/LD11.DAT - Not a Btrieve file
2026-02-07 11:07:47,419 - File: /Users/marchon/ld/another-thought.py - Not a Btrieve file
2026-02-07 11:07:47,419 - File: /Users/marchon/ld/LD-08.DAT - Not a Btrieve file
2026-02-07 11:07:47,419 - File: /Users/marchon/ld/File.ddf.txt - Not a Btrieve file
2026-02-07 11:07:47,419 - File: /Users/marchon/ld/fixit-2.py - Not a Btrieve file
2026-02-07 11:07:47,419 - File: /Users/marchon/ld/nar.frm - Not a Btrieve file
2026-02-07 11:07:47,419 - File: /Users/marchon/ld/tt.cpp - Not a Btrieve file
2026-02-07 11:07:47,419 - File: /Users/marchon/ld/LD15.DAT - Not a Btrieve file
2026-02-07 11:07:47,419 - File: /Users/marchon/ld/LD01.DAT - Not a Btrieve file
2026-02-07 11:07:47,419 - File: /Users/marchon/ld/rapsta.frm - Not a Btrieve file
2026-02-07 11:07:47,419 - File: /Users/marchon/ld/ld29.dat - Not a Btrieve file
2026-02-07 11:07:47,419 - File: /Users/marchon/ld/LD00.DAT - Not a Btrieve file
2026-02-07 11:07:47,419 - File: /Users/marchon/ld/LD14.DAT - Not a Btrieve file
2026-02-07 11:07:47,419 - File: /Users/marchon/ld/File.ddf - Not a Btrieve file
2026-02-07 11:07:47,419 - File: /Users/marchon/ld/LD16.DAT.original - Not a Btrieve file
2026-02-07 11:07:47,419 - File: /Users/marchon/ld/APPT.frm - Not a Btrieve file
2026-02-07 11:07:47,419 - File: /Users/marchon/ld/sta.frm - Not a Btrieve file
2026-02-07 11:07:47,419 - File: /Users/marchon/ld/LD02.DAT - Not a Btrieve file
2026-02-07 11:07:47,419 - File: /Users/marchon/ld/LD16.DAT - Not a Btrieve file
2026-02-07 11:07:47,419 - File: /Users/marchon/ld/LD17.DAT - Not a Btrieve file
2026-02-07 11:07:47,420 - File: /Users/marchon/ld/LD03.DAT - Not a Btrieve file
2026-02-07 11:07:47,420 - File: /Users/marchon/ld/LD03.DAT.original - Not a Btrieve file
2026-02-07 11:07:47,420 - File: /Users/marchon/ld/LD04.DAT.original - Not a Btrieve file
2026-02-07 11:07:47,420 - File: /Users/marchon/ld/LM-COM.DAT - Not a Btrieve file
2026-02-07 11:07:47,420 - File: /Users/marchon/ld/original/LD03.DAT.original.txt - Not a Btrieve file
2026-02-07 11:07:47,420 - File: /Users/marchon/ld/original/LD08.DAT.original.txt - Not a Btrieve file
2026-02-07 11:07:47,420 - File: /Users/marchon/ld/original/btr.zip - Not a Btrieve file
2026-02-07 11:07:47,420 - File: /Users/marchon/ld/original/LD23.DAT.original.txt - Not a Btrieve file
2026-02-07 11:07:47,420 - File: /Users/marchon/ld/original/LD02.DAT.original.txt - Not a Btrieve file
2026-02-07 11:07:47,420 - File: /Users/marchon/ld/original/LD16.DAT.original.txt - Not a Btrieve file
2026-02-07 11:07:47,420 - File: /Users/marchon/ld/original/LD09.DAT.original.txt - Not a Btrieve file
2026-02-07 11:07:47,420 - File: /Users/marchon/ld/original/LD12.DAT.original.txt - Not a Btrieve file
2026-02-07 11:07:47,420 - File: /Users/marchon/ld/original/LD06.DAT.original.txt - Not a Btrieve file
2026-02-07 11:07:47,420 - File: /Users/marchon/ld/original/LD19.DAT.original.txt - Not a Btrieve file
2026-02-07 11:07:47,420 - File: /Users/marchon/ld/original/LD15.DAT.original.txt - Not a Btrieve file
2026-02-07 11:07:47,420 - File: /Users/marchon/ld/original/LD01.DAT.original.txt - Not a Btrieve file
2026-02-07 11:07:47,420 - File: /Users/marchon/ld/original/LD05.DAT.original.txt - Not a Btrieve file
2026-02-07 11:07:47,420 - File: /Users/marchon/ld/original/Field.ddf.original.txt - Not a Btrieve file
2026-02-07 11:07:47,420 - File: /Users/marchon/ld/original/chart.dat.original.txt - Not a Btrieve file
2026-02-07 11:07:47,420 - File: /Users/marchon/ld/original/LD14.DAT.original.txt - Not a Btrieve file
2026-02-07 11:07:47,420 - File: /Users/marchon/ld/original/LD00.DAT.original.txt - Not a Btrieve file
2026-02-07 11:07:47,420 - File: /Users/marchon/ld/original/LD21.DAT.original.txt - Not a Btrieve file
2026-02-07 11:07:47,420 - File: /Users/marchon/ld/original/LD04.DAT.original.txt - Not a Btrieve file
2026-02-07 11:07:47,420 - File: /Users/marchon/ld/original/fix/part1.py - Not a Btrieve file
2026-02-07 11:07:47,420 - File: /Users/marchon/ld/original/fix/part5.py - Not a Btrieve file
2026-02-07 11:07:47,420 - File: /Users/marchon/ld/original/fix/part4.py - Not a Btrieve file
2026-02-07 11:07:47,420 - File: /Users/marchon/ld/original/fix/Ledger_FirstSet_FullyRepaired_And_Exported.zip - Not a Btrieve file
2026-02-07 11:07:47,420 - File: /Users/marchon/ld/original/fix/part3.py - Not a Btrieve file
2026-02-07 11:07:47,421 - File: /Users/marchon/ld/original/fix/part2.py - Not a Btrieve file
2026-02-07 11:07:47,421 - File: /Users/marchon/ld/btrieve-repair/Makefile - Not a Btrieve file
2026-02-07 11:07:47,421 - File: /Users/marchon/ld/btrieve-repair/README.MD - Not a Btrieve file
2026-02-07 11:07:47,421 - File: /Users/marchon/ld/btrieve-repair/btrmaster.c - Not a Btrieve file
2026-02-07 11:07:47,421 - File: /Users/marchon/ld/btrieve-repair/.git/config - Not a Btrieve file
2026-02-07 11:07:47,421 - File: /Users/marchon/ld/btrieve-repair/.git/HEAD - Not a Btrieve file
2026-02-07 11:07:47,421 - File: /Users/marchon/ld/btrieve-repair/.git/description - Not a Btrieve file
2026-02-07 11:07:47,421 - File: /Users/marchon/ld/btrieve-repair/.git/index - Not a Btrieve file
2026-02-07 11:07:47,421 - File: /Users/marchon/ld/btrieve-repair/.git/COMMIT_EDITMSG - Not a Btrieve file
2026-02-07 11:07:47,421 - File: /Users/marchon/ld/btrieve-repair/.git/objects/3e/59131af40d8270cbeaf0d92512fc3811de2f27 - Not a Btrieve file
2026-02-07 11:07:47,421 - File: /Users/marchon/ld/btrieve-repair/.git/objects/e4/c08e14feb95e61b962880a009c6456d8c7ee8d - Not a Btrieve file
2026-02-07 11:07:47,421 - File: /Users/marchon/ld/btrieve-repair/.git/objects/2a/e7515c521aa9a068b7b0e561ec67ca3c314621 - Not a Btrieve file
2026-02-07 11:07:47,421 - File: /Users/marchon/ld/btrieve-repair/.git/info/exclude - Not a Btrieve file
2026-02-07 11:07:47,421 - File: /Users/marchon/ld/btrieve-repair/.git/logs/HEAD - Not a Btrieve file
2026-02-07 11:07:47,421 - File: /Users/marchon/ld/btrieve-repair/.git/logs/refs/heads/main - Not a Btrieve file
2026-02-07 11:07:47,422 - File: /Users/marchon/ld/btrieve-repair/.git/hooks/commit-msg.sample - Not a Btrieve file
2026-02-07 11:07:47,422 - File: /Users/marchon/ld/btrieve-repair/.git/hooks/pre-rebase.sample - Not a Btrieve file
2026-02-07 11:07:47,422 - File: /Users/marchon/ld/btrieve-repair/.git/hooks/sendemail-validate.sample - Not a Btrieve file
2026-02-07 11:07:47,422 - File: /Users/marchon/ld/btrieve-repair/.git/hooks/pre-commit.sample - Not a Btrieve file
2026-02-07 11:07:47,422 - File: /Users/marchon/ld/btrieve-repair/.git/hooks/applypatch-msg.sample - Not a Btrieve file
2026-02-07 11:07:47,422 - File: /Users/marchon/ld/btrieve-repair/.git/hooks/fsmonitor-watchman.sample - Not a Btrieve file
2026-02-07 11:07:47,422 - File: /Users/marchon/ld/btrieve-repair/.git/hooks/pre-receive.sample - Not a Btrieve file
2026-02-07 11:07:47,422 - File: /Users/marchon/ld/btrieve-repair/.git/hooks/prepare-commit-msg.sample - Not a Btrieve file
2026-02-07 11:07:47,422 - File: /Users/marchon/ld/btrieve-repair/.git/hooks/post-update.sample - Not a Btrieve file
2026-02-07 11:07:47,422 - File: /Users/marchon/ld/btrieve-repair/.git/hooks/pre-merge-commit.sample - Not a Btrieve file
2026-02-07 11:07:47,422 - File: /Users/marchon/ld/btrieve-repair/.git/hooks/pre-applypatch.sample - Not a Btrieve file
2026-02-07 11:07:47,422 - File: /Users/marchon/ld/btrieve-repair/.git/hooks/pre-push.sample - Not a Btrieve file
2026-02-07 11:07:47,422 - File: /Users/marchon/ld/btrieve-repair/.git/hooks/update.sample - Not a Btrieve file
2026-02-07 11:07:47,422 - File: /Users/marchon/ld/btrieve-repair/.git/hooks/push-to-checkout.sample - Not a Btrieve file
2026-02-07 11:07:47,422 - File: /Users/marchon/ld/btrieve-repair/.git/refs/heads/main - Not a Btrieve file
2026-02-07 11:08:06,750 - Scanning directory: /Users/marchon/ld/
2026-02-07 11:08:06,750 - ==================================================
2026-02-07 11:08:06,750 - File: /Users/marchon/ld/rapidc.frm - Not a Btrieve file
2026-02-07 11:08:06,750 - File: /Users/marchon/ld/file.txt - Not a Btrieve file
2026-02-07 11:08:06,750 - File: /Users/marchon/ld/LD-03.DAT - Not a Btrieve file
2026-02-07 11:08:06,750 - File: /Users/marchon/ld/LD32.DAT - Not a Btrieve file
2026-02-07 11:08:06,750 - File: /Users/marchon/ld/LD33.DAT - Not a Btrieve file
2026-02-07 11:08:06,751 - File: /Users/marchon/ld/LD-16.DAT - Not a Btrieve file
2026-02-07 11:08:06,751 - File: /Users/marchon/ld/LD-02.DAT - Not a Btrieve file
2026-02-07 11:08:06,751 - File: /Users/marchon/ld/ST2.RPT - Not a Btrieve file
2026-02-07 11:08:06,751 - File: /Users/marchon/ld/LYT-INST.DAT - Not a Btrieve file
2026-02-07 11:08:06,751 - File: /Users/marchon/ld/LD14.DAT.original - Not a Btrieve file
2026-02-07 11:08:06,751 - File: /Users/marchon/ld/LD-14.DAT - Not a Btrieve file
2026-02-07 11:08:06,751 - File: /Users/marchon/ld/LD-00.DAT - Not a Btrieve file
2026-02-07 11:08:06,751 - File: /Users/marchon/ld/LD19.DAT - Not a Btrieve file
2026-02-07 11:08:06,751 - File: /Users/marchon/ld/LD31.DAT - Not a Btrieve file
2026-02-07 11:08:06,751 - File: /Users/marchon/ld/POST.DAT - Not a Btrieve file
2026-02-07 11:08:06,751 - File: /Users/marchon/ld/LD-01.DAT - Not a Btrieve file
2026-02-07 11:08:06,751 - File: /Users/marchon/ld/LD-15.DAT - Not a Btrieve file
2026-02-07 11:08:06,751 - File: /Users/marchon/ld/ST1.RPT - Not a Btrieve file
2026-02-07 11:08:06,751 - File: /Users/marchon/ld/LD06.DAT.original - Not a Btrieve file
2026-02-07 11:08:06,751 - File: /Users/marchon/ld/lhcfa.frm - Not a Btrieve file
2026-02-07 11:08:06,751 - File: /Users/marchon/ld/LD01.DAT.original - Not a Btrieve file
2026-02-07 11:08:06,751 - File: /Users/marchon/ld/prein94.frm - Not a Btrieve file
2026-02-07 11:08:06,751 - File: /Users/marchon/ld/Field.txt - Not a Btrieve file
2026-02-07 11:08:06,751 - File: /Users/marchon/ld/fixit.py - Not a Btrieve file
2026-02-07 11:08:06,751 - File: /Users/marchon/ld/hcfa.frm - Not a Btrieve file
2026-02-07 11:08:06,751 - File: /Users/marchon/ld/LD23.DAT.original - Not a Btrieve file
2026-02-07 11:08:06,751 - File: /Users/marchon/ld/.DS_Store - Not a Btrieve file
2026-02-07 11:08:06,751 - File: /Users/marchon/ld/LD-11.DAT - Not a Btrieve file
2026-02-07 11:08:06,751 - File: /Users/marchon/ld/LD-05.DAT - Not a Btrieve file
2026-02-07 11:08:06,751 - File: /Users/marchon/ld/LD34.DAT - Not a Btrieve file
2026-02-07 11:08:06,751 - File: /Users/marchon/ld/LD20.DAT - Not a Btrieve file
2026-02-07 11:08:06,751 - File: /Users/marchon/ld/LD08.DAT - Not a Btrieve file
2026-02-07 11:08:06,751 - File: /Users/marchon/ld/LD09.DAT - Not a Btrieve file
2026-02-07 11:08:06,751 - File: /Users/marchon/ld/LD21.DAT - Not a Btrieve file
2026-02-07 11:08:06,751 - File: /Users/marchon/ld/LD35.DAT - Not a Btrieve file
2026-02-07 11:08:06,751 - File: /Users/marchon/ld/LD-04.DAT - Not a Btrieve file
2026-02-07 11:08:06,751 - File: /Users/marchon/ld/LD-10.DAT - Not a Btrieve file
2026-02-07 11:08:06,752 - File: /Users/marchon/ld/ds95.frm - Not a Btrieve file
2026-02-07 11:08:06,752 - File: /Users/marchon/ld/rec.frm - Not a Btrieve file
2026-02-07 11:08:06,752 - File: /Users/marchon/ld/LD00.DAT.original - Not a Btrieve file
2026-02-07 11:08:06,752 - File: /Users/marchon/ld/LD-12.DAT - Not a Btrieve file
2026-02-07 11:08:06,752 - File: /Users/marchon/ld/LD23.DAT - Not a Btrieve file
2026-02-07 11:08:06,752 - File: /Users/marchon/ld/LD37.DAT - Btrieve file, but no DDF entry found
2026-02-07 11:08:06,752 - File: /Users/marchon/ld/LD36.DAT - Not a Btrieve file
2026-02-07 11:08:06,752 - File: /Users/marchon/ld/LD22.DAT - Not a Btrieve file
2026-02-07 11:08:06,752 - File: /Users/marchon/ld/LD-13.DAT - Not a Btrieve file
2026-02-07 11:08:06,752 - File: /Users/marchon/ld/LD-07.DAT - Not a Btrieve file
2026-02-07 11:08:06,752 - File: /Users/marchon/ld/STA.RPT - Not a Btrieve file
2026-02-07 11:08:06,752 - File: /Users/marchon/ld/BLS.frm - Not a Btrieve file
2026-02-07 11:08:06,752 - File: /Users/marchon/ld/LD12.DAT.original - Not a Btrieve file
2026-02-07 11:08:06,752 - File: /Users/marchon/ld/LD15.DAT.original - Not a Btrieve file
2026-02-07 11:08:06,752 - File: /Users/marchon/ld/ROS.frm - Not a Btrieve file
2026-02-07 11:08:06,752 - File: /Users/marchon/ld/chart.dat - Not a Btrieve file
2026-02-07 11:08:06,752 - File: /Users/marchon/ld/ld08.txt - Not a Btrieve file
2026-02-07 11:08:06,752 - File: /Users/marchon/ld/AALSI.frm - Not a Btrieve file
2026-02-07 11:08:06,752 - File: /Users/marchon/ld/LM39.DAT - Not a Btrieve file
2026-02-07 11:08:06,752 - File: /Users/marchon/ld/pstcrd.frm - Not a Btrieve file
2026-02-07 11:08:06,752 - File: /Users/marchon/ld/rapsta1.frm - Not a Btrieve file
2026-02-07 11:08:06,752 - File: /Users/marchon/ld/Field.ddf.txt - Not a Btrieve file
2026-02-07 11:08:06,752 - File: /Users/marchon/ld/LD-SYS.DAT - Not a Btrieve file
2026-02-07 11:08:06,752 - File: /Users/marchon/ld/chart.dat.original - Not a Btrieve file
2026-02-07 11:08:06,752 - File: /Users/marchon/ld/pc.frm - Not a Btrieve file
2026-02-07 11:08:06,752 - File: /Users/marchon/ld/Index.txt - Not a Btrieve file
2026-02-07 11:08:06,752 - File: /Users/marchon/ld/bdy.frm - Not a Btrieve file
2026-02-07 11:08:06,752 - File: /Users/marchon/ld/LD19.DAT.original - Not a Btrieve file
2026-02-07 11:08:06,752 - File: /Users/marchon/ld/in1.frm - Not a Btrieve file
2026-02-07 11:08:06,752 - File: /Users/marchon/ld/lsi.frm - Not a Btrieve file
2026-02-07 11:08:06,752 - File: /Users/marchon/ld/in2.frm - Not a Btrieve file
2026-02-07 11:08:06,752 - File: /Users/marchon/ld/ins.frm - Not a Btrieve file
2026-02-07 11:08:06,753 - File: /Users/marchon/ld/LREC.frm - Not a Btrieve file
2026-02-07 11:08:06,753 - File: /Users/marchon/ld/raplss.frm - Not a Btrieve file
2026-02-07 11:08:06,753 - File: /Users/marchon/ld/LD09.DAT.original - Not a Btrieve file
2026-02-07 11:08:06,753 - File: /Users/marchon/ld/AALSI-2.frm - Not a Btrieve file
2026-02-07 11:08:06,753 - File: /Users/marchon/ld/Index.ddf - Not a Btrieve file
2026-02-07 11:08:06,753 - File: /Users/marchon/ld/RAPID.frm - Not a Btrieve file
2026-02-07 11:08:06,753 - File: /Users/marchon/ld/lss.frm - Not a Btrieve file
2026-02-07 11:08:06,753 - File: /Users/marchon/ld/in95.frm - Not a Btrieve file
2026-02-07 11:08:06,753 - File: /Users/marchon/ld/BtrFileSaver - Not a Btrieve file
2026-02-07 11:08:06,753 - File: /Users/marchon/ld/in94.frm - Not a Btrieve file
2026-02-07 11:08:06,753 - File: /Users/marchon/ld/fix.py - Not a Btrieve file
2026-02-07 11:08:06,753 - File: /Users/marchon/ld/LD08.DAT.original - Not a Btrieve file
2026-02-07 11:08:06,753 - File: /Users/marchon/ld/ld06.txt - Not a Btrieve file
2026-02-07 11:08:06,753 - File: /Users/marchon/ld/btr.py - Not a Btrieve file
2026-02-07 11:08:06,753 - File: /Users/marchon/ld/ec2.frm - Not a Btrieve file
2026-02-07 11:08:06,753 - File: /Users/marchon/ld/ec1.frm - Not a Btrieve file
2026-02-07 11:08:06,753 - File: /Users/marchon/ld/LD21.DAT.original - Not a Btrieve file
2026-02-07 11:08:06,753 - File: /Users/marchon/ld/st2.frm - Not a Btrieve file
2026-02-07 11:08:06,753 - File: /Users/marchon/ld/LD07.DAT - Not a Btrieve file
2026-02-07 11:08:06,753 - File: /Users/marchon/ld/LD13.DAT - Not a Btrieve file
2026-02-07 11:08:06,753 - File: /Users/marchon/ld/LD12.DAT - Not a Btrieve file
2026-02-07 11:08:06,753 - File: /Users/marchon/ld/LD06.DAT - Not a Btrieve file
2026-02-07 11:08:06,753 - File: /Users/marchon/ld/Field.ddf - Not a Btrieve file
2026-02-07 11:08:06,753 - File: /Users/marchon/ld/lbl.frm - Not a Btrieve file
2026-02-07 11:08:06,753 - File: /Users/marchon/ld/LD05.DAT.original - Not a Btrieve file
2026-02-07 11:08:06,753 - File: /Users/marchon/ld/done.msg - Not a Btrieve file
2026-02-07 11:08:06,753 - File: /Users/marchon/ld/LD02.DAT.original - Not a Btrieve file
2026-02-07 11:08:06,753 - File: /Users/marchon/ld/st1.frm - Not a Btrieve file
2026-02-07 11:08:06,753 - File: /Users/marchon/ld/LD-09.DAT - Not a Btrieve file
2026-02-07 11:08:06,753 - File: /Users/marchon/ld/LD38.DAT - Not a Btrieve file
2026-02-07 11:08:06,753 - File: /Users/marchon/ld/LD04.DAT - Not a Btrieve file
2026-02-07 11:08:06,753 - File: /Users/marchon/ld/LD05.DAT - Not a Btrieve file
2026-02-07 11:08:06,753 - File: /Users/marchon/ld/LD11.DAT - Not a Btrieve file
2026-02-07 11:08:06,753 - File: /Users/marchon/ld/another-thought.py - Not a Btrieve file
2026-02-07 11:08:06,754 - File: /Users/marchon/ld/LD-08.DAT - Not a Btrieve file
2026-02-07 11:08:06,754 - File: /Users/marchon/ld/File.ddf.txt - Not a Btrieve file
2026-02-07 11:08:06,754 - File: /Users/marchon/ld/fixit-2.py - Not a Btrieve file
2026-02-07 11:08:06,754 - File: /Users/marchon/ld/nar.frm - Not a Btrieve file
2026-02-07 11:08:06,754 - File: /Users/marchon/ld/tt.cpp - Not a Btrieve file
2026-02-07 11:08:06,754 - File: /Users/marchon/ld/LD15.DAT - Not a Btrieve file
2026-02-07 11:08:06,754 - File: /Users/marchon/ld/LD01.DAT - Not a Btrieve file
2026-02-07 11:08:06,754 - File: /Users/marchon/ld/rapsta.frm - Not a Btrieve file
2026-02-07 11:08:06,754 - File: /Users/marchon/ld/ld29.dat - Not a Btrieve file
2026-02-07 11:08:06,754 - File: /Users/marchon/ld/LD00.DAT - Not a Btrieve file
2026-02-07 11:08:06,754 - File: /Users/marchon/ld/LD14.DAT - Not a Btrieve file
2026-02-07 11:08:06,754 - File: /Users/marchon/ld/File.ddf - Not a Btrieve file
2026-02-07 11:08:06,754 - File: /Users/marchon/ld/LD16.DAT.original - Not a Btrieve file
2026-02-07 11:08:06,754 - File: /Users/marchon/ld/APPT.frm - Not a Btrieve file
2026-02-07 11:08:06,754 - File: /Users/marchon/ld/sta.frm - Not a Btrieve file
2026-02-07 11:08:06,754 - File: /Users/marchon/ld/LD02.DAT - Not a Btrieve file
2026-02-07 11:08:06,754 - File: /Users/marchon/ld/LD16.DAT - Not a Btrieve file
2026-02-07 11:08:06,754 - File: /Users/marchon/ld/LD17.DAT - Not a Btrieve file
2026-02-07 11:08:06,754 - File: /Users/marchon/ld/LD03.DAT - Not a Btrieve file
2026-02-07 11:08:06,754 - File: /Users/marchon/ld/LD03.DAT.original - Not a Btrieve file
2026-02-07 11:08:06,754 - File: /Users/marchon/ld/LD04.DAT.original - Not a Btrieve file
2026-02-07 11:08:06,754 - File: /Users/marchon/ld/LM-COM.DAT - Not a Btrieve file
2026-02-07 11:08:06,754 - File: /Users/marchon/ld/original/LD03.DAT.original.txt - Not a Btrieve file
2026-02-07 11:08:06,754 - File: /Users/marchon/ld/original/LD08.DAT.original.txt - Not a Btrieve file
2026-02-07 11:08:06,754 - File: /Users/marchon/ld/original/btr.zip - Not a Btrieve file
2026-02-07 11:08:06,754 - File: /Users/marchon/ld/original/LD23.DAT.original.txt - Not a Btrieve file
2026-02-07 11:08:06,754 - File: /Users/marchon/ld/original/LD02.DAT.original.txt - Not a Btrieve file
2026-02-07 11:08:06,754 - File: /Users/marchon/ld/original/LD16.DAT.original.txt - Not a Btrieve file
2026-02-07 11:08:06,754 - File: /Users/marchon/ld/original/LD09.DAT.original.txt - Not a Btrieve file
2026-02-07 11:08:06,754 - File: /Users/marchon/ld/original/LD12.DAT.original.txt - Not a Btrieve file
2026-02-07 11:08:06,754 - File: /Users/marchon/ld/original/LD06.DAT.original.txt - Not a Btrieve file
2026-02-07 11:08:06,754 - File: /Users/marchon/ld/original/LD19.DAT.original.txt - Not a Btrieve file
2026-02-07 11:08:06,755 - File: /Users/marchon/ld/original/LD15.DAT.original.txt - Not a Btrieve file
2026-02-07 11:08:06,755 - File: /Users/marchon/ld/original/LD01.DAT.original.txt - Not a Btrieve file
2026-02-07 11:08:06,755 - File: /Users/marchon/ld/original/LD05.DAT.original.txt - Not a Btrieve file
2026-02-07 11:08:06,755 - File: /Users/marchon/ld/original/Field.ddf.original.txt - Not a Btrieve file
2026-02-07 11:08:06,755 - File: /Users/marchon/ld/original/chart.dat.original.txt - Not a Btrieve file
2026-02-07 11:08:06,755 - File: /Users/marchon/ld/original/LD14.DAT.original.txt - Not a Btrieve file
2026-02-07 11:08:06,755 - File: /Users/marchon/ld/original/LD00.DAT.original.txt - Not a Btrieve file
2026-02-07 11:08:06,755 - File: /Users/marchon/ld/original/LD21.DAT.original.txt - Not a Btrieve file
2026-02-07 11:08:06,755 - File: /Users/marchon/ld/original/LD04.DAT.original.txt - Not a Btrieve file
2026-02-07 11:08:06,755 - File: /Users/marchon/ld/original/fix/part1.py - Not a Btrieve file
2026-02-07 11:08:06,755 - File: /Users/marchon/ld/original/fix/part5.py - Not a Btrieve file
2026-02-07 11:08:06,755 - File: /Users/marchon/ld/original/fix/part4.py - Not a Btrieve file
2026-02-07 11:08:06,755 - File: /Users/marchon/ld/original/fix/Ledger_FirstSet_FullyRepaired_And_Exported.zip - Not a Btrieve file
2026-02-07 11:08:06,755 - File: /Users/marchon/ld/original/fix/part3.py - Not a Btrieve file
2026-02-07 11:08:06,755 - File: /Users/marchon/ld/original/fix/part2.py - Not a Btrieve file
2026-02-07 11:08:06,755 - File: /Users/marchon/ld/btrieve-repair/Makefile - Not a Btrieve file
2026-02-07 11:08:06,755 - File: /Users/marchon/ld/btrieve-repair/README.MD - Not a Btrieve file
2026-02-07 11:08:06,755 - File: /Users/marchon/ld/btrieve-repair/btrmaster.c - Not a Btrieve file
2026-02-07 11:08:06,755 - File: /Users/marchon/ld/btrieve-repair/.git/config - Not a Btrieve file
2026-02-07 11:08:06,755 - File: /Users/marchon/ld/btrieve-repair/.git/HEAD - Not a Btrieve file
2026-02-07 11:08:06,755 - File: /Users/marchon/ld/btrieve-repair/.git/description - Not a Btrieve file
2026-02-07 11:08:06,755 - File: /Users/marchon/ld/btrieve-repair/.git/index - Not a Btrieve file
2026-02-07 11:08:06,755 - File: /Users/marchon/ld/btrieve-repair/.git/COMMIT_EDITMSG - Not a Btrieve file
2026-02-07 11:08:06,755 - File: /Users/marchon/ld/btrieve-repair/.git/objects/3e/59131af40d8270cbeaf0d92512fc3811de2f27 - Not a Btrieve file
2026-02-07 11:08:06,755 - File: /Users/marchon/ld/btrieve-repair/.git/objects/e4/c08e14feb95e61b962880a009c6456d8c7ee8d - Not a Btrieve file
2026-02-07 11:08:06,755 - File: /Users/marchon/ld/btrieve-repair/.git/objects/2a/e7515c521aa9a068b7b0e561ec67ca3c314621 - Not a Btrieve file
2026-02-07 11:08:06,756 - File: /Users/marchon/ld/btrieve-repair/.git/info/exclude - Not a Btrieve file
2026-02-07 11:08:06,756 - File: /Users/marchon/ld/btrieve-repair/.git/logs/HEAD - Not a Btrieve file
2026-02-07 11:08:06,756 - File: /Users/marchon/ld/btrieve-repair/.git/logs/refs/heads/main - Not a Btrieve file
2026-02-07 11:08:06,756 - File: /Users/marchon/ld/btrieve-repair/.git/hooks/commit-msg.sample - Not a Btrieve file
2026-02-07 11:08:06,756 - File: /Users/marchon/ld/btrieve-repair/.git/hooks/pre-rebase.sample - Not a Btrieve file
2026-02-07 11:08:06,756 - File: /Users/marchon/ld/btrieve-repair/.git/hooks/sendemail-validate.sample - Not a Btrieve file
2026-02-07 11:08:06,756 - File: /Users/marchon/ld/btrieve-repair/.git/hooks/pre-commit.sample - Not a Btrieve file
2026-02-07 11:08:06,756 - File: /Users/marchon/ld/btrieve-repair/.git/hooks/applypatch-msg.sample - Not a Btrieve file
2026-02-07 11:08:06,756 - File: /Users/marchon/ld/btrieve-repair/.git/hooks/fsmonitor-watchman.sample - Not a Btrieve file
2026-02-07 11:08:06,756 - File: /Users/marchon/ld/btrieve-repair/.git/hooks/pre-receive.sample - Not a Btrieve file
2026-02-07 11:08:06,756 - File: /Users/marchon/ld/btrieve-repair/.git/hooks/prepare-commit-msg.sample - Not a Btrieve file
2026-02-07 11:08:06,756 - File: /Users/marchon/ld/btrieve-repair/.git/hooks/post-update.sample - Not a Btrieve file
2026-02-07 11:08:06,756 - File: /Users/marchon/ld/btrieve-repair/.git/hooks/pre-merge-commit.sample - Not a Btrieve file
2026-02-07 11:08:06,756 - File: /Users/marchon/ld/btrieve-repair/.git/hooks/pre-applypatch.sample - Not a Btrieve file
2026-02-07 11:08:06,756 - File: /Users/marchon/ld/btrieve-repair/.git/hooks/pre-push.sample - Not a Btrieve file
2026-02-07 11:08:06,756 - File: /Users/marchon/ld/btrieve-repair/.git/hooks/update.sample - Not a Btrieve file
2026-02-07 11:08:06,756 - File: /Users/marchon/ld/btrieve-repair/.git/hooks/push-to-checkout.sample - Not a Btrieve file
2026-02-07 11:08:06,756 - File: /Users/marchon/ld/btrieve-repair/.git/refs/heads/main - Not a Btrieve file
